year,VirginStock_glass_sim1_Arizona_[Tonnes],VirginStock_aluminium_frames_sim1_Arizona_[Tonnes],VirginStock_silver_sim1_Arizona_[Tonnes],VirginStock_silicon_sim1_Arizona_[Tonnes],VirginStock_copper_sim1_Arizona_[Tonnes],VirginStock_encapsulant_sim1_Arizona_[Tonnes],VirginStock_backsheet_sim1_Arizona_[Tonnes],VirginStock_Module_sim1_Arizona_[Tonnes],WasteAll_glass_sim1_Arizona_[Tonnes],WasteAll_aluminium_frames_sim1_Arizona_[Tonnes],WasteAll_silver_sim1_Arizona_[Tonnes],WasteAll_silicon_sim1_Arizona_[Tonnes],WasteAll_copper_sim1_Arizona_[Tonnes],WasteAll_encapsulant_sim1_Arizona_[Tonnes],WasteAll_backsheet_sim1_Arizona_[Tonnes],WasteAll_Module_sim1_Arizona_[Tonnes],WasteEOL_glass_sim1_Arizona_[Tonnes],WasteEOL_aluminium_frames_sim1_Arizona_[Tonnes],WasteEOL_silver_sim1_Arizona_[Tonnes],WasteEOL_silicon_sim1_Arizona_[Tonnes],WasteEOL_copper_sim1_Arizona_[Tonnes],WasteEOL_encapsulant_sim1_Arizona_[Tonnes],WasteEOL_backsheet_sim1_Arizona_[Tonnes],WasteEOL_Module_sim1_Arizona_[Tonnes],WasteMFG_glass_sim1_Arizona_[Tonnes],WasteMFG_aluminium_frames_sim1_Arizona_[Tonnes],WasteMFG_silver_sim1_Arizona_[Tonnes],WasteMFG_silicon_sim1_Arizona_[Tonnes],WasteMFG_copper_sim1_Arizona_[Tonnes],WasteMFG_encapsulant_sim1_Arizona_[Tonnes],WasteMFG_backsheet_sim1_Arizona_[Tonnes],WasteMFG_Module_sim1_Arizona_[Tonnes],VirginStock_glass_sim1_California_[Tonnes],VirginStock_aluminium_frames_sim1_California_[Tonnes],VirginStock_silver_sim1_California_[Tonnes],VirginStock_silicon_sim1_California_[Tonnes],VirginStock_copper_sim1_California_[Tonnes],VirginStock_encapsulant_sim1_California_[Tonnes],VirginStock_backsheet_sim1_California_[Tonnes],VirginStock_Module_sim1_California_[Tonnes],WasteAll_glass_sim1_California_[Tonnes],WasteAll_aluminium_frames_sim1_California_[Tonnes],WasteAll_silver_sim1_California_[Tonnes],WasteAll_silicon_sim1_California_[Tonnes],WasteAll_copper_sim1_California_[Tonnes],WasteAll_encapsulant_sim1_California_[Tonnes],WasteAll_backsheet_sim1_California_[Tonnes],WasteAll_Module_sim1_California_[Tonnes],WasteEOL_glass_sim1_California_[Tonnes],WasteEOL_aluminium_frames_sim1_California_[Tonnes],WasteEOL_silver_sim1_California_[Tonnes],WasteEOL_silicon_sim1_California_[Tonnes],WasteEOL_copper_sim1_California_[Tonnes],WasteEOL_encapsulant_sim1_California_[Tonnes],WasteEOL_backsheet_sim1_California_[Tonnes],WasteEOL_Module_sim1_California_[Tonnes],WasteMFG_glass_sim1_California_[Tonnes],WasteMFG_aluminium_frames_sim1_California_[Tonnes],WasteMFG_silver_sim1_California_[Tonnes],WasteMFG_silicon_sim1_California_[Tonnes],WasteMFG_copper_sim1_California_[Tonnes],WasteMFG_encapsulant_sim1_California_[Tonnes],WasteMFG_backsheet_sim1_California_[Tonnes],WasteMFG_Module_sim1_California_[Tonnes],VirginStock_glass_sim1_Florida_[Tonnes],VirginStock_aluminium_frames_sim1_Florida_[Tonnes],VirginStock_silver_sim1_Florida_[Tonnes],VirginStock_silicon_sim1_Florida_[Tonnes],VirginStock_copper_sim1_Florida_[Tonnes],VirginStock_encapsulant_sim1_Florida_[Tonnes],VirginStock_backsheet_sim1_Florida_[Tonnes],VirginStock_Module_sim1_Florida_[Tonnes],WasteAll_glass_sim1_Florida_[Tonnes],WasteAll_aluminium_frames_sim1_Florida_[Tonnes],WasteAll_silver_sim1_Florida_[Tonnes],WasteAll_silicon_sim1_Florida_[Tonnes],WasteAll_copper_sim1_Florida_[Tonnes],WasteAll_encapsulant_sim1_Florida_[Tonnes],WasteAll_backsheet_sim1_Florida_[Tonnes],WasteAll_Module_sim1_Florida_[Tonnes],WasteEOL_glass_sim1_Florida_[Tonnes],WasteEOL_aluminium_frames_sim1_Florida_[Tonnes],WasteEOL_silver_sim1_Florida_[Tonnes],WasteEOL_silicon_sim1_Florida_[Tonnes],WasteEOL_copper_sim1_Florida_[Tonnes],WasteEOL_encapsulant_sim1_Florida_[Tonnes],WasteEOL_backsheet_sim1_Florida_[Tonnes],WasteEOL_Module_sim1_Florida_[Tonnes],WasteMFG_glass_sim1_Florida_[Tonnes],WasteMFG_aluminium_frames_sim1_Florida_[Tonnes],WasteMFG_silver_sim1_Florida_[Tonnes],WasteMFG_silicon_sim1_Florida_[Tonnes],WasteMFG_copper_sim1_Florida_[Tonnes],WasteMFG_encapsulant_sim1_Florida_[Tonnes],WasteMFG_backsheet_sim1_Florida_[Tonnes],WasteMFG_Module_sim1_Florida_[Tonnes],VirginStock_glass_sim1_Nevada_[Tonnes],VirginStock_aluminium_frames_sim1_Nevada_[Tonnes],VirginStock_silver_sim1_Nevada_[Tonnes],VirginStock_silicon_sim1_Nevada_[Tonnes],VirginStock_copper_sim1_Nevada_[Tonnes],VirginStock_encapsulant_sim1_Nevada_[Tonnes],VirginStock_backsheet_sim1_Nevada_[Tonnes],VirginStock_Module_sim1_Nevada_[Tonnes],WasteAll_glass_sim1_Nevada_[Tonnes],WasteAll_aluminium_frames_sim1_Nevada_[Tonnes],WasteAll_silver_sim1_Nevada_[Tonnes],WasteAll_silicon_sim1_Nevada_[Tonnes],WasteAll_copper_sim1_Nevada_[Tonnes],WasteAll_encapsulant_sim1_Nevada_[Tonnes],WasteAll_backsheet_sim1_Nevada_[Tonnes],WasteAll_Module_sim1_Nevada_[Tonnes],WasteEOL_glass_sim1_Nevada_[Tonnes],WasteEOL_aluminium_frames_sim1_Nevada_[Tonnes],WasteEOL_silver_sim1_Nevada_[Tonnes],WasteEOL_silicon_sim1_Nevada_[Tonnes],WasteEOL_copper_sim1_Nevada_[Tonnes],WasteEOL_encapsulant_sim1_Nevada_[Tonnes],WasteEOL_backsheet_sim1_Nevada_[Tonnes],WasteEOL_Module_sim1_Nevada_[Tonnes],WasteMFG_glass_sim1_Nevada_[Tonnes],WasteMFG_aluminium_frames_sim1_Nevada_[Tonnes],WasteMFG_silver_sim1_Nevada_[Tonnes],WasteMFG_silicon_sim1_Nevada_[Tonnes],WasteMFG_copper_sim1_Nevada_[Tonnes],WasteMFG_encapsulant_sim1_Nevada_[Tonnes],WasteMFG_backsheet_sim1_Nevada_[Tonnes],WasteMFG_Module_sim1_Nevada_[Tonnes],VirginStock_glass_sim1_North Carolina_[Tonnes],VirginStock_aluminium_frames_sim1_North Carolina_[Tonnes],VirginStock_silver_sim1_North Carolina_[Tonnes],VirginStock_silicon_sim1_North Carolina_[Tonnes],VirginStock_copper_sim1_North Carolina_[Tonnes],VirginStock_encapsulant_sim1_North Carolina_[Tonnes],VirginStock_backsheet_sim1_North Carolina_[Tonnes],VirginStock_Module_sim1_North Carolina_[Tonnes],WasteAll_glass_sim1_North Carolina_[Tonnes],WasteAll_aluminium_frames_sim1_North Carolina_[Tonnes],WasteAll_silver_sim1_North Carolina_[Tonnes],WasteAll_silicon_sim1_North Carolina_[Tonnes],WasteAll_copper_sim1_North Carolina_[Tonnes],WasteAll_encapsulant_sim1_North Carolina_[Tonnes],WasteAll_backsheet_sim1_North Carolina_[Tonnes],WasteAll_Module_sim1_North Carolina_[Tonnes],WasteEOL_glass_sim1_North Carolina_[Tonnes],WasteEOL_aluminium_frames_sim1_North Carolina_[Tonnes],WasteEOL_silver_sim1_North Carolina_[Tonnes],WasteEOL_silicon_sim1_North Carolina_[Tonnes],WasteEOL_copper_sim1_North Carolina_[Tonnes],WasteEOL_encapsulant_sim1_North Carolina_[Tonnes],WasteEOL_backsheet_sim1_North Carolina_[Tonnes],WasteEOL_Module_sim1_North Carolina_[Tonnes],WasteMFG_glass_sim1_North Carolina_[Tonnes],WasteMFG_aluminium_frames_sim1_North Carolina_[Tonnes],WasteMFG_silver_sim1_North Carolina_[Tonnes],WasteMFG_silicon_sim1_North Carolina_[Tonnes],WasteMFG_copper_sim1_North Carolina_[Tonnes],WasteMFG_encapsulant_sim1_North Carolina_[Tonnes],WasteMFG_backsheet_sim1_North Carolina_[Tonnes],WasteMFG_Module_sim1_North Carolina_[Tonnes],VirginStock_glass_sim1_Texas_[Tonnes],VirginStock_aluminium_frames_sim1_Texas_[Tonnes],VirginStock_silver_sim1_Texas_[Tonnes],VirginStock_silicon_sim1_Texas_[Tonnes],VirginStock_copper_sim1_Texas_[Tonnes],VirginStock_encapsulant_sim1_Texas_[Tonnes],VirginStock_backsheet_sim1_Texas_[Tonnes],VirginStock_Module_sim1_Texas_[Tonnes],WasteAll_glass_sim1_Texas_[Tonnes],WasteAll_aluminium_frames_sim1_Texas_[Tonnes],WasteAll_silver_sim1_Texas_[Tonnes],WasteAll_silicon_sim1_Texas_[Tonnes],WasteAll_copper_sim1_Texas_[Tonnes],WasteAll_encapsulant_sim1_Texas_[Tonnes],WasteAll_backsheet_sim1_Texas_[Tonnes],WasteAll_Module_sim1_Texas_[Tonnes],WasteEOL_glass_sim1_Texas_[Tonnes],WasteEOL_aluminium_frames_sim1_Texas_[Tonnes],WasteEOL_silver_sim1_Texas_[Tonnes],WasteEOL_silicon_sim1_Texas_[Tonnes],WasteEOL_copper_sim1_Texas_[Tonnes],WasteEOL_encapsulant_sim1_Texas_[Tonnes],WasteEOL_backsheet_sim1_Texas_[Tonnes],WasteEOL_Module_sim1_Texas_[Tonnes],WasteMFG_glass_sim1_Texas_[Tonnes],WasteMFG_aluminium_frames_sim1_Texas_[Tonnes],WasteMFG_silver_sim1_Texas_[Tonnes],WasteMFG_silicon_sim1_Texas_[Tonnes],WasteMFG_copper_sim1_Texas_[Tonnes],WasteMFG_encapsulant_sim1_Texas_[Tonnes],WasteMFG_backsheet_sim1_Texas_[Tonnes],WasteMFG_Module_sim1_Texas_[Tonnes],newInstalledCapacity_sim1_Arizona_[MW],newInstalledCapacity_sim1_California_[MW],newInstalledCapacity_sim1_Florida_[MW],newInstalledCapacity_sim1_Nevada_[MW],newInstalledCapacity_sim1_North Carolina_[MW],newInstalledCapacity_sim1_Texas_[MW]
2000,292.10134128166914,88.87045524292101,1.6557973174888225,27.941058120640836,0.19629210134128167,30.88971684053651,7.755290611028316,449.40995151562595,0.0,0.0,0.0,0.0,-2.91038304567337e-17,0.0,0.0,-2.91038304567337e-17,0.0,0.0,0.0,0.0,0.0,0.0,0.0,0.0,0.0,0.0,0.0,0.0,-2.91038304567337e-17,0.0,0.0,-2.91038304567337e-17,0.0,0.0,0.0,0.0,0.0,0.0,0.0,0.0,0.0,0.0,0.0,0.0,0.0,0.0,0.0,0.0,0.0,0.0,0.0,0.0,0.0,0.0,0.0,0.0,0.0,0.0,0.0,0.0,0.0,0.0,0.0,0.0,0.0,0.0,0.0,0.0,0.0,0.0,0.0,0.0,0.0,0.0,0.0,0.0,0.0,0.0,0.0,0.0,0.0,0.0,0.0,0.0,0.0,0.0,0.0,0.0,0.0,0.0,0.0,0.0,0.0,0.0,0.0,0.0,0.0,0.0,0.0,0.0,0.0,0.0,0.0,0.0,0.0,0.0,0.0,0.0,0.0,0.0,0.0,0.0,0.0,0.0,0.0,0.0,0.0,0.0,0.0,0.0,0.0,0.0,0.0,0.0,0.0,0.0,0.0,0.0,0.0,0.0,0.0,0.0,0.0,0.0,0.0,0.0,0.0,0.0,0.0,0.0,0.0,0.0,0.0,0.0,0.0,0.0,0.0,0.0,0.0,0.0,0.0,0.0,0.0,0.0,0.0,0.0,0.0,0.0,0.0,0.0,0.0,0.0,0.0,0.0,0.0,0.0,0.0,0.0,0.0,0.0,0.0,0.0,0.0,0.0,0.0,0.0,0.0,0.0,0.0,0.0,0.0,0.0,0.0,0.0,0.0,0.0,0.0,0.0,0.0,0.0,0.0,0.0,4.9,0.0,0.0,0.0,0.0,0.0
2001,492.10134128166914,148.558802117921,2.734654460238823,46.65623669314083,0.3306921013412817,52.039716840536514,13.227290611028316,755.648734105876,0.0,0.0,0.0,0.0,-2.91038304567337e-17,0.0,0.0,-2.91038304567337e-17,0.0,0.0,0.0,0.0,0.0,0.0,0.0,0.0,0.0,0.0,0.0,0.0,-2.91038304567337e-17,0.0,0.0,-2.91038304567337e-17,0.0,0.0,0.0,0.0,0.0,0.0,0.0,0.0,0.0,0.0,0.0,0.0,0.0,0.0,0.0,0.0,0.0,0.0,0.0,0.0,0.0,0.0,0.0,0.0,0.0,0.0,0.0,0.0,0.0,0.0,0.0,0.0,0.0,0.0,0.0,0.0,0.0,0.0,0.0,0.0,0.0,0.0,0.0,0.0,0.0,0.0,0.0,0.0,0.0,0.0,0.0,0.0,0.0,0.0,0.0,0.0,0.0,0.0,0.0,0.0,0.0,0.0,0.0,0.0,0.0,0.0,0.0,0.0,0.0,0.0,0.0,0.0,0.0,0.0,0.0,0.0,0.0,0.0,0.0,0.0,0.0,0.0,0.0,0.0,0.0,0.0,0.0,0.0,0.0,0.0,0.0,0.0,0.0,0.0,0.0,0.0,0.0,0.0,0.0,0.0,0.0,0.0,0.0,0.0,0.0,0.0,0.0,0.0,0.0,0.0,0.0,0.0,0.0,0.0,0.0,0.0,0.0,0.0,0.0,0.0,0.0,0.0,0.0,0.0,0.0,0.0,0.0,0.0,0.0,0.0,0.0,0.0,0.0,0.0,0.0,0.0,0.0,0.0,0.0,0.0,0.0,0.0,0.0,0.0,0.0,0.0,0.0,0.0,0.0,0.0,0.0,0.0,0.0,0.0,0.0,0.0,0.0,0.0,0.0,0.0,8.3,0.0,0.0,0.0,0.0,0.0
2002,497.9313007967833,150.26762690621393,2.7645038529562074,47.18965716751062,0.3346098341354384,52.656235059259835,13.391520570569082,764.5354541874285,0.0,0.0,0.0,0.0,-2.91038304567337e-17,0.0,0.0,-2.91038304567337e-17,0.0,0.0,0.0,0.0,0.0,0.0,0.0,0.0,0.0,0.0,0.0,0.0,-2.91038304567337e-17,0.0,0.0,-2.91038304567337e-17,617.3927126505898,180.964545080221,3.16105068877102,56.48922823576019,0.4148879029011965,65.28927936279989,17.39195271536712,941.1036566364103,0.0,0.0,0.0,0.0,5.82076609134674e-17,0.0,0.0,5.82076609134674e-17,0.0,0.0,0.0,0.0,0.0,0.0,0.0,0.0,0.0,0.0,0.0,0.0,5.82076609134674e-17,0.0,0.0,5.82076609134674e-17,0.0,0.0,0.0,0.0,0.0,0.0,0.0,0.0,0.0,0.0,0.0,0.0,0.0,0.0,0.0,0.0,0.0,0.0,0.0,0.0,0.0,0.0,0.0,0.0,0.0,0.0,0.0,0.0,0.0,0.0,0.0,0.0,0.0,0.0,0.0,0.0,0.0,0.0,0.0,0.0,0.0,0.0,0.0,0.0,0.0,0.0,0.0,0.0,0.0,0.0,0.0,0.0,0.0,0.0,0.0,0.0,0.0,0.0,0.0,0.0,0.0,0.0,0.0,0.0,0.0,0.0,0.0,0.0,0.0,0.0,0.0,0.0,0.0,0.0,0.0,0.0,0.0,0.0,0.0,0.0,0.0,0.0,0.0,0.0,0.0,0.0,0.0,0.0,0.0,0.0,0.0,0.0,0.0,0.0,0.0,0.0,0.0,0.0,0.0,0.0,0.0,0.0,0.0,0.0,0.0,0.0,0.0,0.0,0.0,0.0,0.0,0.0,0.0,0.0,0.0,0.0,0.0,0.0,0.0,0.0,0.0,0.0,0.0,0.0,0.0,0.0,0.0,0.0,8.4,10.59,0.0,0.0,0.0,0.0
2003,497.9313007967833,150.26762690621393,2.7645038529562074,47.18965716751062,0.3346098341354384,52.656235059259835,13.391520570569082,764.5354541874285,0.0,0.0,0.0,0.0,-2.91038304567337e-17,0.0,0.0,-2.91038304567337e-17,0.0,0.0,0.0,0.0,0.0,0.0,0.0,0.0,0.0,0.0,0.0,0.0,-2.91038304567337e-17,0.0,0.0,-2.91038304567337e-17,1686.2980099439783,490.66543183096445,8.340660358513896,152.06749503056267,1.1331922626823536,178.32601455157572,48.36882823092952,2565.199632209207,0.0,0.0,0.0,0.0,5.82076609134674e-17,0.0,0.0,5.82076609134674e-17,0.0,0.0,0.0,0.0,0.0,0.0,0.0,0.0,0.0,0.0,0.0,0.0,5.82076609134674e-17,0.0,0.0,5.82076609134674e-17,0.0,0.0,0.0,0.0,0.0,0.0,0.0,0.0,0.0,0.0,0.0,0.0,0.0,0.0,0.0,0.0,0.0,0.0,0.0,0.0,0.0,0.0,0.0,0.0,0.0,0.0,0.0,0.0,0.0,0.0,0.0,0.0,0.0,0.0,0.0,0.0,0.0,0.0,0.0,0.0,0.0,0.0,0.0,0.0,0.0,0.0,0.0,0.0,0.0,0.0,0.0,0.0,0.0,0.0,0.0,0.0,0.0,0.0,0.0,0.0,0.0,0.0,0.0,0.0,0.0,0.0,0.0,0.0,0.0,0.0,0.0,0.0,0.0,0.0,0.0,0.0,0.0,0.0,0.0,0.0,0.0,0.0,0.0,0.0,0.0,0.0,0.0,0.0,0.0,0.0,0.0,0.0,0.0,0.0,0.0,0.0,0.0,0.0,0.0,0.0,0.0,0.0,0.0,0.0,0.0,0.0,0.0,0.0,0.0,0.0,0.0,0.0,0.0,0.0,0.0,0.0,0.0,0.0,0.0,0.0,0.0,0.0,0.0,0.0,0.0,0.0,0.0,0.0,8.4,29.088,0.0,0.0,0.0,0.0
2004,497.9313007967833,150.26762690621393,2.7645038529562074,47.18965716751062,0.3346098341354384,52.656235059259835,13.391520570569082,764.5354541874285,2.2376536788421186e-12,6.807955767753114e-13,1.2684299711321763e-14,2.140435617996836e-13,1.4745994417251702e-15,2.3663187653755407e-13,5.940970517325825e-14,3.4426932982809733e-12,2.2376536788421186e-12,6.807955767753114e-13,1.2684299711321763e-14,2.140435617996836e-13,1.5037032721819038e-15,2.3663187653755407e-13,5.940970517325825e-14,3.44272240211143e-12,0.0,0.0,0.0,0.0,-2.91038304567337e-17,0.0,0.0,-2.91038304567337e-17,3488.7037374374377,998.9481867265102,16.580229398162135,309.4851052555226,2.3444089115579585,368.93042023400903,101.99989579252903,5286.991983755728,0.0,0.0,-9.313225746154785e-16,0.0,5.82076609134674e-17,0.0,0.0,-8.73114913702011e-16,0.0,0.0,0.0,0.0,0.0,0.0,0.0,0.0,0.0,0.0,-9.313225746154785e-16,0.0,5.82076609134674e-17,0.0,0.0,-8.73114913702011e-16,0.0,0.0,0.0,0.0,0.0,0.0,0.0,0.0,0.0,0.0,0.0,0.0,0.0,0.0,0.0,0.0,0.0,0.0,0.0,0.0,0.0,0.0,0.0,0.0,0.0,0.0,0.0,0.0,0.0,0.0,0.0,0.0,0.0,0.0,0.0,0.0,0.0,0.0,0.0,0.0,0.0,0.0,0.0,0.0,0.0,0.0,0.0,0.0,0.0,0.0,0.0,0.0,0.0,0.0,0.0,0.0,0.0,0.0,0.0,0.0,0.0,0.0,0.0,0.0,0.0,0.0,0.0,0.0,0.0,0.0,0.0,0.0,0.0,0.0,0.0,0.0,0.0,0.0,0.0,0.0,0.0,0.0,0.0,0.0,0.0,0.0,0.0,0.0,0.0,0.0,0.0,0.0,0.0,0.0,0.0,0.0,0.0,0.0,0.0,0.0,0.0,0.0,0.0,0.0,0.0,0.0,0.0,0.0,0.0,0.0,0.0,0.0,0.0,0.0,0.0,0.0,0.0,0.0,0.0,0.0,0.0,0.0,0.0,0.0,0.0,0.0,0.0,0.0,8.4,60.555,0.0,0.0,0.0,0.0
2005,497.9313007967833,150.26762690621393,2.7645038529562074,47.18965716751062,0.3346098341354384,52.656235059259835,13.391520570569082,764.5354541874285,1.4451493487564796e-10,4.395909559700303e-11,8.18772995587521e-13,1.3820441743851215e-11,9.708493240597869e-14,1.528245436309977e-11,3.838112528245379e-12,2.2233089703584082e-10,1.4451493487564796e-10,4.395909559700303e-11,8.18772995587521e-13,1.3820441743851215e-11,9.711403623643543e-14,1.528245436309977e-11,3.838112528245379e-12,2.2233092613967128e-10,0.0,0.0,0.0,0.0,-2.91038304567337e-17,0.0,0.0,-2.91038304567337e-17,5836.539699397387,1619.3147854572353,26.669215932679975,480.3635413619202,3.922154677995045,617.2140732112737,173.6755436452505,8757.699013683741,0.0,0.0,-9.313225746154785e-16,0.0,5.82076609134674e-17,0.0,0.0,-8.73114913702011e-16,0.0,0.0,0.0,0.0,0.0,0.0,0.0,0.0,0.0,0.0,-9.313225746154785e-16,0.0,5.82076609134674e-17,0.0,0.0,-8.73114913702011e-16,0.0,0.0,0.0,0.0,0.0,0.0,0.0,0.0,0.0,0.0,0.0,0.0,0.0,0.0,0.0,0.0,0.0,0.0,0.0,0.0,0.0,0.0,0.0,0.0,0.0,0.0,0.0,0.0,0.0,0.0,0.0,0.0,0.0,0.0,0.0,0.0,0.0,0.0,0.0,0.0,0.0,0.0,0.0,0.0,0.0,0.0,0.0,0.0,0.0,0.0,0.0,0.0,0.0,0.0,0.0,0.0,0.0,0.0,0.0,0.0,0.0,0.0,0.0,0.0,0.0,0.0,0.0,0.0,0.0,0.0,0.0,0.0,0.0,0.0,0.0,0.0,0.0,0.0,0.0,0.0,0.0,0.0,0.0,0.0,0.0,0.0,0.0,0.0,0.0,0.0,0.0,0.0,0.0,0.0,0.0,0.0,0.0,0.0,0.0,0.0,0.0,0.0,0.0,0.0,0.0,0.0,0.0,0.0,0.0,0.0,0.0,0.0,0.0,0.0,0.0,0.0,0.0,0.0,0.0,0.0,0.0,0.0,0.0,0.0,0.0,0.0,0.0,0.0,8.4,101.90299999999999,0.0,0.0,0.0,0.0
2006,497.9313007967833,150.26762690621393,2.7645038529562074,47.18965716751062,0.3346098341354384,52.656235059259835,13.391520570569082,764.5354541874285,4.3464052892141064e-09,1.3218046456687931e-09,2.46110319155452e-11,4.155531860209823e-10,2.920755250521423e-12,4.596323593343918e-10,1.1547643134656979e-10,6.686403698750909e-09,4.3464052892141064e-09,1.3218046456687931e-09,2.46110319155452e-11,4.155531860209823e-10,2.9207843543518797e-12,4.596323593343918e-10,1.1547643134656979e-10,6.68640372785474e-09,0.0,0.0,0.0,0.0,-2.91038304567337e-17,0.0,0.0,-2.91038304567337e-17,8677.922029564814,2359.3100082797105,38.0996911341673,645.8030275359187,5.831563603867556,917.6902546264791,269.8713846543087,12914.527959399264,4.252723715058104e-12,1.2670766421124798e-12,2.3284029096482018e-14,4.3273792863146066e-13,3.2364725677450133e-15,5.00151062347375e-13,1.3323172979976883e-13,6.612441579613417e-12,4.7295608732612296e-12,1.3862859316632611e-12,2.4215351671097497e-14,4.3273792863146066e-13,3.178264906831546e-15,5.00151062347375e-13,1.3323172979976883e-13,7.209361142281025e-12,-4.76837158203125e-13,-1.1920928955078124e-13,-9.313225746154785e-16,0.0,5.82076609134674e-17,0.0,0.0,-5.969195626676083e-13,0.0,0.0,0.0,0.0,0.0,0.0,0.0,0.0,0.0,0.0,0.0,0.0,0.0,0.0,0.0,0.0,0.0,0.0,0.0,0.0,0.0,0.0,0.0,0.0,0.0,0.0,0.0,0.0,0.0,0.0,0.0,0.0,0.0,0.0,0.0,0.0,0.0,0.0,0.0,0.0,0.0,0.0,0.0,0.0,0.0,0.0,0.0,0.0,0.0,0.0,0.0,0.0,0.0,0.0,0.0,0.0,0.0,0.0,0.0,0.0,0.0,0.0,0.0,0.0,0.0,0.0,0.0,0.0,0.0,0.0,0.0,0.0,0.0,0.0,0.0,0.0,0.0,0.0,0.0,0.0,0.0,0.0,0.0,0.0,0.0,0.0,0.0,0.0,0.0,0.0,0.0,0.0,0.0,0.0,0.0,0.0,0.0,0.0,0.0,0.0,0.0,0.0,0.0,0.0,0.0,0.0,0.0,0.0,0.0,0.0,0.0,0.0,0.0,0.0,0.0,0.0,0.0,0.0,0.0,0.0,0.0,0.0,0.0,0.0,0.0,0.0,0.0,0.0,8.4,152.377,0.0,0.0,0.0,0.0
2007,537.0010682477298,160.302121178315,2.910959666950732,49.350752516850406,0.3608647178624744,56.78786296719742,14.843895924837076,821.557525219743,7.765554362483056e-08,2.3609419156376583e-08,4.393965619501914e-10,7.422107946645623e-09,5.218449621205568e-11,8.21207373832583e-09,2.0641155115445693e-09,1.194548410358854e-07,7.765554362483056e-08,2.3609419156376583e-08,4.393965619501914e-10,7.422107946645623e-09,5.218452531588613e-11,8.21207373832583e-09,2.0641155115445693e-09,1.1945484106498922e-07,0.0,0.0,0.0,0.0,-2.91038304567337e-17,0.0,0.0,-2.91038304567337e-17,14237.661565741497,3787.2472131833238,58.94077191077099,953.3330703051117,9.567708572178287,1505.6327105771634,476.54854721051356,21028.931587500556,3.0992363878531374e-10,9.083492831468648e-11,1.5860731557019934e-12,2.8383507511032588e-11,2.0864732749495684e-13,3.282485033102691e-11,8.750614003697191e-12,4.725122594289539e-10,3.104004759435169e-10,9.095413760423726e-11,1.5870044782766088e-12,2.8383507511032588e-11,2.0858911983404336e-13,3.282485033102691e-11,8.750614003697191e-12,4.731091789916215e-10,-4.76837158203125e-13,-1.1920928955078124e-13,-9.313225746154785e-16,0.0,5.82076609134674e-17,0.0,0.0,-5.969195626676083e-13,0.0,0.0,0.0,0.0,0.0,0.0,0.0,0.0,0.0,0.0,0.0,0.0,0.0,0.0,0.0,0.0,0.0,0.0,0.0,0.0,0.0,0.0,0.0,0.0,0.0,0.0,0.0,0.0,0.0,0.0,0.0,0.0,853.9534885706868,219.32537480449426,3.201105648737466,47.23536977842683,0.5738567443195015,90.30558141635014,31.744775600429012,1246.3395525634442,0.0,2.980232238769531e-14,0.0,0.0,0.0,1.4901161193847656e-14,0.0,4.470348358154297e-14,0.0,0.0,0.0,0.0,0.0,0.0,0.0,0.0,0.0,2.980232238769531e-14,0.0,0.0,0.0,1.4901161193847656e-14,0.0,4.470348358154297e-14,0.0,0.0,0.0,0.0,0.0,0.0,0.0,0.0,0.0,0.0,0.0,0.0,0.0,0.0,0.0,0.0,0.0,0.0,0.0,0.0,0.0,0.0,0.0,0.0,0.0,0.0,0.0,0.0,0.0,0.0,0.0,0.0,0.0,0.0,0.0,0.0,0.0,0.0,0.0,0.0,0.0,0.0,0.0,0.0,0.0,0.0,0.0,0.0,0.0,0.0,0.0,0.0,0.0,0.0,0.0,0.0,0.0,0.0,0.0,0.0,0.0,0.0,0.0,0.0,9.1,251.989,0.0,15.3,0.0,0.0
2008,3143.6113672157207,820.8576467073526,11.96706858996884,185.94364870852056,2.1125068387689643,332.4369020830625,120.37013052442933,4617.299270667823,9.473298279013711e-07,2.8792268146619437e-07,5.3559232652412855e-09,9.051040041404446e-08,6.366056152458909e-10,1.0018012930056999e-07,2.5193197357576258e-08,1.4571287653202433e-06,9.473298279013711e-07,2.8792268146619437e-07,5.3559232652412855e-09,9.051040041404446e-08,6.366056443497213e-10,1.0018012930056999e-07,2.5193197357576258e-08,1.4571287653493471e-06,0.0,0.0,0.0,0.0,-2.91038304567337e-17,0.0,0.0,-2.91038304567337e-17,22246.20883460897,5816.737448837401,86.76475327488883,1373.0009685619393,14.949452336857227,2352.5365842598985,800.7672607754178,32690.96530265537,9.517164471956067e-09,2.7874068837732325e-09,4.85734215263189e-11,8.695974760752424e-10,6.395272298245077e-12,1.0062705080903231e-09,2.6853079241179573e-10,1.4503938826131225e-08,9.516687634797865e-09,2.7875260930627834e-09,4.857435284889351e-11,8.695974760752424e-10,6.3952140905841644e-12,1.006389717379874e-09,2.6853079241179573e-10,1.4503701280667037e-08,4.76837158203125e-13,-1.1920928955078124e-13,-9.313225746154785e-16,0.0,5.82076609134674e-17,-1.1920928955078124e-13,0.0,2.3754546418786046e-13,0.0,0.0,0.0,0.0,0.0,0.0,0.0,0.0,0.0,0.0,0.0,0.0,0.0,0.0,0.0,0.0,0.0,0.0,0.0,0.0,0.0,0.0,0.0,0.0,0.0,0.0,0.0,0.0,0.0,0.0,0.0,0.0,1540.194841165232,393.22958959345533,5.585304176241172,83.19613225776249,1.035010933263036,162.87560445322333,59.52662929543843,2245.643111874616,0.0,2.980232238769531e-14,0.0,0.0,0.0,1.4901161193847656e-14,0.0,4.470348358154297e-14,0.0,0.0,0.0,0.0,0.0,0.0,0.0,0.0,0.0,2.980232238769531e-14,0.0,0.0,0.0,1.4901161193847656e-14,0.0,4.470348358154297e-14,177.09454260504396,44.87850704231253,0.6152770393557949,9.280196768860815,0.11900753263058954,18.727747880483395,7.169510630970173,257.88478949965724,0.0,0.0,0.0,0.0,0.0,0.0,0.0,0.0,0.0,0.0,0.0,0.0,0.0,0.0,0.0,0.0,0.0,0.0,0.0,0.0,0.0,0.0,0.0,0.0,0.0,0.0,0.0,0.0,0.0,0.0,0.0,0.0,0.0,0.0,0.0,0.0,0.0,0.0,0.0,0.0,0.0,0.0,0.0,0.0,0.0,0.0,0.0,0.0,0.0,0.0,0.0,0.0,0.0,0.0,0.0,0.0,56.2,396.699,0.0,27.700000000000003,3.2,0.0
2009,6519.16014718896,1665.2935329354113,22.76882468588321,362.8308436510683,4.380875618910982,689.4011855652326,268.1711690621014,9532.006578707565,8.629593837432419e-06,2.6219360881741083e-06,4.87483720655324e-08,8.241849028070827e-07,5.799087350085326e-09,9.125795987340078e-07,2.2961510711258444e-07,1.3272456993675818e-05,8.629594314269577e-06,2.6219360881741083e-06,4.874837020288725e-08,8.241849028070827e-07,5.799087379189157e-09,9.125795987340078e-07,2.2961510711258444e-07,1.3272457468679435e-05,-4.76837158203125e-13,0.0,1.862645149230957e-15,0.0,-2.91038304567337e-17,0.0,0.0,-4.750036168843508e-13,32042.653955066828,8267.441128860639,118.11337766035399,1886.3591839867322,21.53266345780491,3388.5106557483173,1229.7122582144596,46954.32322299514,1.7442776014265505e-07,5.106364095386857e-08,8.883074662011566e-10,1.5923138812215414e-08,1.1721612391152944e-10,1.8445566000266742e-08,4.927710033715301e-09,2.6579333953283374e-07,1.7442728330549683e-07,5.1063760163158116e-08,8.883046722334327e-10,1.5923138812215414e-08,1.172151343812939e-10,1.8445685209556293e-08,4.927650429070525e-09,2.657930377261119e-07,4.76837158203125e-13,-1.1920928955078124e-13,2.7939677238464356e-15,0.0,9.89530235528946e-16,-1.1920928955078124e-13,5.960464477539062e-14,3.018067218363285e-13,2231.8902435622117,558.335351859781,7.142048779399077,116.95662848826878,1.499830243673806,236.02239325670388,97.72505669528731,3249.5715528853248,0.0,0.0,0.0,0.0,0.0,2.980232238769531e-14,0.0,2.980232238769531e-14,0.0,0.0,0.0,0.0,0.0,0.0,0.0,0.0,0.0,0.0,0.0,0.0,0.0,2.980232238769531e-14,0.0,2.980232238769531e-14,3716.3838652237396,937.6305824137065,12.549109053228396,197.2338775909884,2.497409957430353,393.0075937474105,154.81276461020653,5414.11520259671,0.0,2.980232238769531e-14,0.0,0.0,0.0,1.4901161193847656e-14,0.0,4.470348358154297e-14,0.0,0.0,0.0,0.0,0.0,0.0,0.0,0.0,0.0,2.980232238769531e-14,0.0,0.0,0.0,1.4901161193847656e-14,0.0,4.470348358154297e-14,1641.811044820788,411.2957204327882,5.302369846446177,86.03500327622136,1.1032970221195697,173.62151798979835,71.3032661480419,2390.4722195362037,0.0,0.0,0.0,0.0,0.0,0.0,0.0,0.0,0.0,0.0,0.0,0.0,0.0,0.0,0.0,0.0,0.0,0.0,0.0,0.0,0.0,0.0,0.0,0.0,466.6772249288601,116.7451640317807,1.4933671197723526,24.455053279334592,0.31360709515219404,49.35111653622696,20.43382661675271,679.4693596078795,-5.960464477539062e-14,0.0,0.0,0.0,0.0,0.0,0.0,-5.960464477539062e-14,0.0,0.0,0.0,0.0,0.0,0.0,0.0,0.0,-5.960464477539062e-14,0.0,0.0,0.0,0.0,0.0,0.0,-5.960464477539062e-14,117.71000000000001,575.212,40.67,67.355,29.8903896,8.5038961
2010,10119.704364876035,2559.64650980235,28.317000562122665,551.5083620184153,6.800441333196696,1070.1587365856408,437.68076875287693,14773.816183930638,6.23986799528656e-05,1.8952457888978074e-05,3.5219641634878727e-07,5.957282504398127e-06,4.193191321965642e-08,6.59866051504571e-06,1.6611588431186434e-06,9.596236803397461e-05,6.239868042970276e-05,1.8952457888978074e-05,3.521964144861421e-07,5.95728253420045e-06,4.193191324876025e-08,6.5986604554410656e-06,1.6611588431186434e-06,9.596236847917591e-05,-4.76837158203125e-13,0.0,1.862645149230957e-15,-2.980232238769531e-14,-2.91038304567337e-17,5.960464477539062e-14,0.0,-4.452012944966555e-13,44442.25814554302,11347.426333666128,137.22026281026348,2536.1294425781607,29.865197473804912,4699.768798891175,1813.4717722142277,65006.13995317678,2.1949638671198133e-06,6.4211556488647e-07,1.1147693087449243e-08,2.0012731206599718e-07,1.4750154564776054e-09,2.3211725931310123e-07,6.209910661821019e-08,3.3440458185475188e-06,2.194963390282655e-06,6.421156840957596e-07,1.114769029348152e-08,2.0012731206599718e-07,1.4750153982699442e-09,2.321173785223908e-07,6.209904701356542e-08,3.3440455176721193e-06,4.76837158203125e-13,-1.1920928955078124e-13,2.7939677238464356e-15,0.0,5.820766091346744e-17,-1.1920928955078124e-13,5.960464477539062e-14,3.00875399261713e-13,8938.937862609831,2224.324613876638,17.477119688400027,468.4226913454117,6.006966243673807,945.2926789709895,413.4853663248302,13013.947299059775,0.0,2.384185791015625e-13,0.0,0.0,0.0,2.980232238769531e-14,0.0,2.682209014892578e-13,0.0,0.0,0.0,0.0,0.0,0.0,0.0,0.0,0.0,2.384185791015625e-13,0.0,0.0,0.0,2.980232238769531e-14,0.0,2.682209014892578e-13,7212.710395835985,1806.0965285868697,17.93669307936207,380.4501286113966,4.846941386001782,762.7441243596554,319.41591201247184,10504.200723871742,1.735264024267183e-11,4.364103764054047e-12,6.32601532796505e-14,9.63266275251226e-13,1.134053967276297e-14,1.7399126926010224e-12,6.273392979401621e-13,2.51218629654707e-11,1.6875803084468703e-11,4.334301441666352e-12,6.32601532796505e-14,9.334639528635307e-13,1.134053967276297e-14,1.7846161761825655e-12,6.273392979401621e-13,2.4630124646073728e-11,4.76837158203125e-13,2.980232238769531e-14,0.0,2.980232238769531e-14,0.0,-4.470348358154297e-14,0.0,4.917383193969727e-13,3720.592383052081,927.65218370569,8.505620181797012,194.96834235288668,2.5002380814109983,393.45264450775755,169.16996939730777,5416.841381278931,0.0,0.0,0.0,0.0,0.0,0.0,0.0,0.0,0.0,0.0,0.0,0.0,0.0,0.0,0.0,0.0,0.0,0.0,0.0,0.0,0.0,0.0,0.0,0.0,1695.6840276499486,422.0228737746174,3.387176911385346,88.85808225892644,1.1394996665807655,179.31858592398206,78.29409399608741,2468.704340181528,-5.960464477539062e-14,0.0,0.0,0.0,0.0,0.0,7.450580596923828e-15,-5.2154064178466796e-14,0.0,0.0,0.0,0.0,0.0,0.0,0.0,0.0,-5.960464477539062e-14,0.0,0.0,0.0,0.0,0.0,7.450580596923828e-15,-5.2154064178466796e-14,183.87,803.054727,163.912,131.6,68.08799669000001,31.086896099999997
2011,27972.79045759127,6948.366067206391,51.242252876648294,1487.0547059919254,18.797715187501332,2958.122590890277,1336.8210259221419,40773.19481566615,0.0003741164450610652,0.00011359530326120147,2.1099331672183876e-06,3.570456792520032e-05,2.514062513723666e-07,3.956281417523781e-05,9.964605337633892e-06,0.0005753050751789295,0.00037411644553790244,0.00011359530326120147,2.1099331653557427e-06,3.5704567955002645e-05,2.5140625140147043e-07,3.956281411563317e-05,9.964605218424603e-06,0.0005753050755049215,-4.76837158203125e-13,0.0,1.862645149230957e-15,-2.980232238769531e-14,-2.91038304567337e-17,5.960464477539062e-14,1.1920928955078124e-13,-3.259920049458743e-13,79638.01973494698,19999.394202021096,182.41534620641713,4380.475339266903,53.516749261884385,8421.720586970645,3586.0463266873403,116261.58828536127,2.072395347347358e-05,6.0568926927161195e-06,1.0491309402472697e-07,1.8864421699300962e-06,1.3926496471947339e-08,2.1915579101850126e-06,5.873455583794293e-07,3.1565031395180916e-05,2.0723952996636424e-05,6.056892811925409e-06,1.0491309123075924e-07,1.8864421699300962e-06,1.3926496413739676e-08,2.191558029394302e-06,5.873452603562053e-07,3.156503085588694e-05,4.76837158203125e-13,-1.1920928955078124e-13,2.7939677238464356e-15,0.0,5.820766091346744e-17,-1.1920928955078124e-13,2.980232238769531e-13,5.392939783632755e-13,9932.957465258838,2468.678629083496,18.753546076418814,520.5118035732263,6.674947416653939,1050.410251951122,463.54746967859205,14461.534113038348,0.0,2.384185791015625e-13,0.0,0.0,0.0,2.980232238769531e-14,0.0,2.682209014892578e-13,0.0,0.0,0.0,0.0,0.0,0.0,0.0,0.0,0.0,2.384185791015625e-13,0.0,0.0,0.0,2.980232238769531e-14,0.0,2.682209014892578e-13,9701.771534908832,2417.9678456181996,21.132911052164502,510.8831549516616,6.519590471458736,1025.962339816609,444.7732346105622,14129.010611429487,1.2756468104577707e-09,3.2749204994651394e-10,4.7763460082223135e-12,7.052475457168224e-11,8.569142220573098e-13,1.3480452119284778e-10,4.7447923242918193e-11,1.8615493196420125e-09,1.2751699732995678e-09,3.2746224762412626e-10,4.7763460082223135e-12,7.049495224929454e-11,8.569142220573098e-13,1.3484922467642932e-10,4.7447923242918193e-11,1.8610575813226156e-09,4.76837158203125e-13,2.980232238769531e-14,0.0,2.980232238769531e-14,0.0,-4.470348358154297e-14,0.0,4.917383193969727e-13,8182.878369807047,2024.5898044116386,14.235667727339944,428.80328377381386,5.498894264510336,865.3393876070953,393.9053988271145,11915.25080641856,3.4997370094933335e-12,8.868877025593613e-13,1.2159086293964836e-14,1.833949686399744e-13,2.35182327037952e-15,3.7009718875392003e-13,1.4168365284480296e-13,5.0963114318557365e-12,3.4997370094933335e-12,8.868877025593613e-13,1.2159086293964836e-14,1.833949686399744e-13,2.35182327037952e-15,3.7009718875392003e-13,1.4168365284480296e-13,5.0963114318557365e-12,0.0,0.0,0.0,0.0,0.0,0.0,0.0,0.0,4026.8098554645185,995.0698785428294,6.3805892268820354,211.01490345097943,2.7060162228721563,425.8351422153728,195.6972737841669,5863.513658907621,-5.960464477539062e-14,0.0,0.0,0.0,0.0,2.980232238769531e-14,7.450580596923828e-15,-2.2351741790771485e-14,0.0,0.0,0.0,0.0,0.0,0.0,0.0,0.0,-5.960464477539062e-14,0.0,0.0,0.0,0.0,2.980232238769531e-14,7.450580596923828e-15,-2.2351741790771485e-14,520.847,1467.374727,182.67412000000002,178.581029,152.31364469000002,75.08689609999999
2012,69318.2917887601,17036.700245264197,93.47827540089246,3641.5433409269904,46.42648027841042,7305.952811669497,3520.090952997249,100962.48389529734,0.0019209127737609172,0.0005830845485486661,1.0825282652656992e-05,0.00018326366475876921,1.290853384258667e-06,0.00020313652593524715,5.11879387817065e-05,0.0029537015878222214,0.0019209127742377545,0.0005830845485486661,1.0825282650794347e-05,0.00018326366478857155,1.2908533842877709e-06,0.00020313652587564249,5.118793866249721e-05,0.0029537015881482137,-4.76837158203125e-13,0.0,1.862645149230957e-15,-2.980232238769531e-14,-2.91038304567337e-17,5.960464477539062e-14,1.1920928955078124e-13,-3.259920049458743e-13,144208.54798170025,35754.65284042331,248.37662851347864,7745.205836669501,96.66543289824804,15211.859418139476,6995.725444309127,210261.03358265338,0.00015599595192914144,4.553608416624486e-05,7.867422161133973e-07,1.4167556846472658e-05,1.0482927943415616e-07,1.649657174687189e-05,4.430829242496975e-06,0.0002375185654267754,0.00015599595145230429,4.553608428545415e-05,7.86742205868849e-07,1.4167556846472658e-05,1.0482927937594849e-07,1.6496571866081178e-05,4.430828944473751e-06,0.00023751856488003084,4.76837158203125e-13,-1.1920928955078124e-13,1.0244548320770263e-14,0.0,5.820766091346744e-17,-1.1920928955078124e-13,2.980232238769531e-13,5.467445589601993e-13,11338.742854869228,2811.691347188561,20.189610012474592,593.766415261538,7.614351053017575,1198.2405116913817,537.7806719918063,16508.025762068006,4.386812909663291e-11,1.1272224962226688e-11,1.4090812191869646e-13,2.311293364577676e-12,2.9639600038093566e-14,4.694069739096616e-12,1.9312396228611403e-12,6.424750450735183e-11,4.4106547675734473e-11,1.1033806383125126e-11,1.4114095256235034e-13,2.311293364577676e-12,2.9639600038093566e-14,4.664267416708921e-12,1.9312396228611403e-12,6.421793501560779e-11,-2.384185791015625e-13,2.384185791015625e-13,-2.328306436538696e-16,0.0,0.0,2.980232238769531e-14,0.0,2.956949174404143e-14,20674.394051142597,5095.296193067661,32.34186769374979,1082.6597629386747,13.851948289640553,2179.8266839724533,1024.1880678945088,30102.558574999282,3.690427277931665e-08,9.474472177620628e-09,1.3803484288553493e-10,2.038240417449132e-09,2.4798419550555867e-11,3.902531717399675e-09,1.3754980996986497e-09,5.385784845392082e-08,3.690379594215845e-08,9.474442375298241e-09,1.3803484288553493e-10,2.0382106151267444e-09,2.479935087313048e-11,3.902576420883257e-09,1.3754980996986497e-09,5.3857357646924e-08,4.76837158203125e-13,2.980232238769531e-14,0.0,2.980232238769531e-14,-9.313225746154785e-16,-4.470348358154297e-14,0.0,4.908069968223572e-13,15642.78746071614,3844.81336982982,21.856252270958127,817.5345565010866,10.48391244632852,1649.8121148798227,787.8296385271145,22775.11730517127,2.905805169639255e-10,7.330503687925177e-11,1.0025516739419927e-12,1.5227145540202107e-11,1.95270107399758e-13,3.072888966893513e-11,1.1859456355662752e-11,4.2289886718931906e-10,2.905805169639255e-10,7.354345545835332e-11,1.0016203513673773e-12,1.5227145540202107e-11,1.95270107399758e-13,3.072888966893513e-11,1.1859456355662752e-11,4.23136354445846e-10,0.0,-2.384185791015625e-13,9.313225746154785e-16,0.0,0.0,0.0,0.0,-2.3748725652694704e-13,7071.3721931268565,1737.945434513219,9.49072695238671,369.66517358084957,4.740518041053974,745.9967006569312,356.4669144684526,10295.677661339749,9.162856598503257e-12,2.30711441036668e-12,2.951187597849167e-14,4.832800253009093e-13,6.1974939554832504e-15,1.0050775988644121e-12,4.1126324587881046e-13,1.3405301248848043e-11,9.222461243278648e-12,2.30711441036668e-12,2.951187597849167e-14,4.832800253009093e-13,6.1974939554832504e-15,9.752752764767169e-13,4.0381266528188665e-13,1.3427652990638815e-11,-5.960464477539062e-14,0.0,0.0,0.0,0.0,2.980232238769531e-14,7.450580596923828e-15,-2.2351741790771485e-14,1312.2959999999998,2703.404727,209.58412,388.622529,295.11364469,133.3668961
2013,93614.25689657261,21900.27233073408,110.75512181569711,4900.5488406176155,62.571734718410426,9846.668075106998,4859.943986680401,135295.0169862458,0.008674644544917853,0.002631344539304738,4.876836795612242e-05,0.0008265574666149515,5.829293961103717e-06,0.0009173330899253725,0.00023173122617407176,0.013336208528854209,0.00867464454539469,0.002631344539304738,4.876836795425977e-05,0.0008265574666447539,5.829293961132821e-06,0.0009173330898657678,0.00023173122605486246,0.013336208529180202,-4.76837158203125e-13,0.0,1.862645149230957e-15,-2.980232238769531e-14,-2.91038304567337e-17,5.960464477539062e-14,1.1920928955078124e-13,-3.259920049458743e-13,303197.7858371377,67581.15636446701,361.4337814953118,15983.953462597376,202.31761370304804,31837.928049251976,15763.527493674173,434928.10260232666,0.0010054997114218938,0.00029172427678245935,4.937304632530441e-06,8.995899544377573e-05,6.755908991124109e-07,0.00010631508555784723,2.931737388421948e-05,0.0015284283386218383,0.0010054997109450567,0.00029172427690166863,4.9373046222858924e-06,8.995899544377573e-05,6.755908990542032e-07,0.00010631508567705651,2.9317373586196257e-05,0.0015284283380750938,4.76837158203125e-13,-1.1920928955078124e-13,1.0244548320770263e-14,0.0,5.820766091346744e-17,-1.1920928955078124e-13,2.980232238769531e-13,5.467445589601993e-13,12735.784729869229,3091.351522667561,21.183045663304718,666.160469011538,8.542719053017576,1344.3341366913817,614.8235384140688,18482.1801613701,6.109381385830712e-07,1.490900802695594e-07,6.312906217257613e-10,3.1836595541058636e-08,4.0826663238569545e-10,6.424734583623203e-08,3.223104923060824e-08,8.89382766714641e-07,6.109383770016504e-07,1.4908984185098028e-07,6.312908545564049e-10,3.1836595541058636e-08,4.0826663238569545e-10,6.424731603390964e-08,3.223104923060824e-08,8.893827371451493e-07,-2.384185791015625e-13,2.384185791015625e-13,-2.328306436538696e-16,0.0,0.0,2.980232238769531e-14,0.0,2.956949174404143e-14,23200.344863642596,5600.941628695761,34.13806982217978,1213.5533475636748,15.530503489640553,2443.974321472453,1163.4870356055826,33671.969770291886,5.326886575193415e-06,1.3071422925373535e-06,7.025082669228867e-09,2.7935954496221674e-07,3.561839483083099e-09,5.605127883670521e-07,2.7227351343029006e-07,7.756761636642642e-06,5.326886098356256e-06,1.307142262735031e-06,7.025082669228867e-09,2.793595151598944e-07,3.5618404144056737e-09,5.605128330705357e-07,2.7227351343029006e-07,7.756761145835645e-06,4.76837158203125e-13,2.980232238769531e-14,0.0,2.980232238769531e-14,-9.313225746154785e-16,-4.470348358154297e-14,0.0,4.908069968223572e-13,35277.21746071614,7775.23824648582,35.81828382833613,1834.981496501087,23.53146444632852,3703.054114879823,1870.6123344769144,50520.45340133444,3.233991119906934e-06,7.891794431545795e-07,3.326599400375176e-09,1.6852410356671257e-07,2.1611220380102254e-09,3.40087284999377e-07,1.70661362724881e-07,4.707931035790871e-06,3.233991119906934e-06,7.891796815731586e-07,3.326598469052601e-09,1.6852410356671257e-07,2.1611220380102254e-09,3.40087284999377e-07,1.70661362724881e-07,4.707931273278127e-06,0.0,-2.384185791015625e-13,9.313225746154785e-16,0.0,0.0,0.0,0.0,-2.3748725652694704e-13,11148.384165371857,2554.0826627462816,12.38988775391202,580.9340189460596,7.449790768221975,1172.3443061599314,581.3024719420871,16056.887303688349,1.3166412305821178e-06,3.2126564058598653e-07,1.346503660933421e-09,6.860954637021797e-08,8.798361750066597e-10,1.3845639216386143e-07,6.951964149164534e-08,1.9167187910297693e-06,1.3166408133496043e-06,3.2126564058598653e-07,1.346503660933421e-09,6.860954637021797e-08,8.798361750066597e-10,1.3845636236153907e-07,6.951963404106474e-08,1.9167183365443527e-06,4.1723251342773437e-13,0.0,0.0,0.0,0.0,2.980232238769531e-14,7.450580596923828e-15,4.544854164123535e-13,1792.809525,5847.81487,237.21412,438.579529,683.4336446899999,214.00001298
2014,111165.12438123519,25317.627326893464,122.2165685151306,5800.0200712924625,74.10638796994417,11666.31541068982,5825.713726557702,159971.1238731537,0.03661930117210917,0.011007654722648537,0.000198177628779758,0.003417237784816021,2.4601722605957906e-05,0.0038714764369939558,0.0010215187665615591,0.056159968234514954,0.036619301172586,0.011007654722648537,0.00019817762877789538,0.0034172377848458234,2.4601722607849653e-05,0.0038714764371727698,0.0010215187664423498,0.05615996823508122,-4.76837158203125e-13,0.0,1.862645149230957e-15,-2.980232238769531e-14,-1.8917489796876906e-15,-1.7881393432617188e-13,1.1920928955078124e-13,-5.662732291966677e-13,459828.72694143216,98078.99526637117,463.72030291756,24011.19345400842,305.2574595926186,48077.18658728879,24382.44182250853,655147.5218341192,0.007943772577509094,0.0021851221018598967,2.9042127842511833e-05,0.0006142749749994066,5.32814547728667e-06,0.0008384693235394934,0.0002919208749216413,0.011907930126149331,0.007943772577032257,0.002185122105793803,2.9042127847168444e-05,0.0006142749749994066,5.328145477228463e-06,0.0008384693217513541,0.0002919208746236181,0.011907930127524835,4.76837158203125e-13,-3.933906555175781e-12,-4.656612873077392e-15,0.0,5.820766091346744e-17,1.7881393432617186e-12,2.980232238769531e-13,-1.3755052350461483e-12,13958.770005942848,3329.480768818604,21.981705932841773,728.8377168642987,9.346480525410215,1471.131396200584,682.1206206226577,20201.668694907243,5.841937336312037e-05,1.4254957865162507e-05,5.988271327128048e-08,3.044225657468795e-06,3.903858843970777e-08,6.1433493449957994e-06,3.0840086022561657e-06,8.504483613471463e-05,5.841937360153895e-05,1.4254957626743929e-05,5.988271350411113e-08,3.0442256500182143e-06,3.903858855612309e-08,6.143349315193477e-06,3.0840086022561657e-06,8.504483609781096e-05,-2.384185791015625e-13,2.384185791015625e-13,-2.328306436538696e-16,7.450580596923828e-15,-1.164153218269348e-16,2.980232238769531e-14,0.0,3.6903657019138324e-14,41924.66596793707,9246.781489965933,46.365830558649996,2173.163358974718,27.836365379211102,4385.283549509262,2193.828284439938,59997.92484676478,0.00046134691276430664,0.00011264529212221965,4.877731867647267e-07,2.4058523434259104e-05,3.083139571273713e-07,4.851815630158651e-05,2.4268220488561937e-05,0.000671633192254826,0.0004613469122874695,0.00011264529209241733,4.877731886273718e-07,2.405852340445678e-05,3.0831395805869393e-07,4.851815634628999e-05,2.4268220369352647e-05,0.0006716331916466723,4.76837158203125e-13,2.980232238769531e-14,-1.862645149230957e-15,2.980232238769531e-14,-9.313225746154785e-16,-4.470348358154297e-14,1.1920928955078124e-13,6.081536412239075e-13,56605.87743004129,11928.172725152093,49.74678620136062,2928.06228285078,37.548930949396,5914.3772485454665,3044.2622642315155,80508.04766797188,0.0003096766869666425,7.556281076538643e-05,3.167619694646149e-07,1.6137113594734467e-05,2.069393699854312e-07,3.256523567851094e-05,1.6350662127214562e-05,0.0004508162104719389,0.0003096766869666425,7.556281100380501e-05,3.1676196853329234e-07,1.6137113594734467e-05,2.069393699854312e-07,3.256523567851094e-05,1.6350662127214562e-05,0.00045081621070942613,0.0,-2.384185791015625e-13,9.313225746154785e-16,0.0,0.0,0.0,0.0,-2.3748725652694704e-13,16438.28477886879,3584.0869235908217,15.844412949312142,852.0381919521947,10.926380706872283,1720.7931828470478,872.3892768500625,23494.3631477651,0.00012633420824625837,3.0825767048233365e-05,1.2909821295498275e-07,6.583203795141755e-06,8.44217923713005e-08,1.3285125764953135e-05,6.670961627635693e-06,0.00018391278648754856,0.00012633420782902585,3.0825766929024076e-05,1.2909821342064404e-07,6.583203795141755e-06,8.442179190563922e-08,1.3285125735150812e-05,6.6709616201851126e-06,0.00018391278591385385,4.1723251342773437e-13,1.1920928955078124e-13,-4.656612873077392e-16,0.0,4.656612873077392e-16,2.980232238769531e-14,7.450580596923828e-15,5.736947059631348e-13,2142.539525,8968.94487,261.58412,811.6925289999999,1108.44239469,319.41001298000003
2015,126642.75295572403,28178.295666509082,130.86424406933577,6602.063513937359,85.18018161762197,13293.054350654762,6723.088493783429,181655.2994062956,0.15260684297520494,0.044816915683970025,0.0007442553977636038,0.013475278884839717,0.00010245870261272397,0.016123523514189976,0.004719017424489535,0.23258829258307046,0.15260684297568175,0.044816915683970025,0.0007442553977617412,0.01347527888486952,0.00010245870261461573,0.01612352351413037,0.004719017424370326,0.23258829258339836,-4.76837158203125e-13,0.0,1.862645149230957e-15,-2.980232238769531e-14,-1.8917489796876906e-15,5.960464477539061e-14,1.1920928955078124e-13,-3.2785465009510524e-13,617807.3916473145,127277.56158962294,551.9862947190948,32197.573654008418,418.2866051926186,64681.15432846526,33541.85967420317,876475.813793526,0.06363200112478438,0.01667996710010912,0.00016350851633201797,0.00425398076281337,4.261531409342769e-05,0.006706204565701265,0.002758383556271173,0.09423666094010474,0.06363200112430754,0.016679967104043028,0.00016350851633667457,0.00425398076281337,4.261531410827064e-05,0.006706204563913126,0.0027583835559731496,0.09423666094149515,4.76837158203125e-13,-3.933906555175781e-12,-4.656612873077392e-15,0.0,-1.4842953532934187e-14,1.7881393432617186e-12,2.980232238769531e-13,-1.3904063962399959e-12,16870.694123589907,3867.680086021898,23.608658982314893,879.7322568642987,11.429877645410215,1777.1821797299958,850.950568613499,24281.27775144732,0.0008436125969977568,0.00020585128603867767,8.649588926643037e-07,4.396057578001373e-05,5.637423197950858e-07,8.871391421230417e-05,4.453401729381376e-05,0.0012281010915350255,0.0008436125977130124,0.0002058512858002591,8.649588928971345e-07,4.396057577256315e-05,5.63742319911501e-07,8.871391418250185e-05,4.453401729381376e-05,0.001228101091974959,-7.152557373046875e-13,2.384185791015625e-13,-2.328306436538696e-16,7.450580596923828e-15,-1.164153218269348e-16,2.980232238769531e-14,0.0,-4.3993350118398664e-13,57482.12323771395,12122.204248845737,55.058108078423984,2979.343487112649,38.967274139486975,6020.412692568087,3095.8314258708783,81793.94047432921,0.00662013963981785,0.001615900323488512,6.8894430955160444e-06,0.0003451055016836334,4.4240272597984634e-06,0.0006961917901623644,0.0003488660110529552,0.00963751673656063,0.006620139641248361,0.0016159003234587097,6.88944309737869e-06,0.0003451055017730404,4.424027262592431e-06,0.0006961917902070679,0.00034886601093374586,0.009637516737980897,-1.430511474609375e-12,2.980232238769531e-14,-1.862645149230957e-15,-8.940696716308594e-14,-2.7939677238464356e-15,-4.470348358154297e-14,1.1920928955078124e-13,-1.4202669262886046e-12,118999.85310291775,23460.20232071561,84.60760842352875,6161.2887947893805,82.1900081101768,12472.14605387716,6661.791857106133,167922.07974593973,0.004470843883363225,0.0010909062134279077,4.5720567056864175e-06,0.0002329735561438493,2.9876099370958773e-06,0.0004701484387617397,0.00023606217520589836,0.006508493933545402,0.004470843883363225,0.001090906215573675,4.572056704755095e-06,0.0002329735561438493,2.9876099370958773e-06,0.0004701484387617397,0.00023606217568273552,0.006508493936167075,0.0,-2.1457672119140626e-12,9.313225746154785e-16,0.0,0.0,0.0,-4.76837158203125e-13,-2.6216730475425722e-12,26439.481607104084,5432.5682324105555,21.43229128016172,1370.2955138721945,18.081946520632282,2771.9449305741064,1452.2469490072276,37506.05147076896,0.0018241061458697339,0.00044508524487250396,1.8640625160637221e-06,9.505314588630081e-05,1.218944021755647e-06,0.00019182043207076154,9.632001112336396e-05,0.002655467986360484,0.0018241061454525012,0.0004450852449917133,1.8640625165293836e-06,9.505314594590547e-05,1.2189440212899858e-06,0.00019182043192174993,9.632001111591338e-05,0.0026554679859656033,4.1723251342773437e-13,-1.1920928955078124e-13,-4.656612873077392e-16,-5.960464477539062e-14,4.656612873077392e-16,1.4901161193847655e-13,7.450580596923828e-15,3.948807716369629e-13,2467.780174896552,12288.64487,322.77412,1138.6106669310348,2419.56425679,529.57113298
2016,157313.55852598118,33503.84207104597,146.32126313612594,8182.618536821587,108.55680229289877,16508.34257417916,8565.04486838355,224328.28464184047,0.5951965970907017,0.1707250556527237,0.0025879268602074152,0.04960156794725562,0.00039935321049712616,0.06284464584867738,0.020188293311856585,0.9015434399219194,0.5951965970911786,0.1707250556527237,0.0025879268602074152,0.04960156794728542,0.0003993532104990179,0.06284464584861776,0.020188293311498955,0.9015434399220108,-4.76837158203125e-13,0.0,0.0,-2.980232238769531e-14,-1.8917489796876906e-15,5.960464477539061e-14,3.5762786865234376e-13,-9.12987161427737e-14,865199.9072140573,170233.73105728906,676.6635165591556,44946.42311631818,606.8437978316827,90615.85761063783,48399.18776207123,1220678.6140747643,0.36312362065097115,0.09342743769784216,0.0007862958937109825,0.022852391834107342,0.00024305251371205123,0.03824821923782841,0.01663234474680041,0.5353133625749724,0.3631236206504943,0.09342743770177607,0.000786295893700738,0.022852391834107342,0.00024305251372689417,0.03824821923604027,0.016632344746502388,0.535313362576348,4.76837158203125e-13,-3.933906555175781e-12,1.0244548320770263e-14,0.0,-1.4842953532934187e-14,1.7881393432617186e-12,2.980232238769531e-13,-1.3755052350461483e-12,35890.46670193889,7170.191369519514,33.19396272388493,1859.8759643376188,25.92633447552561,3771.0669065329203,1993.1961240451478,50743.91736357349,0.0056140392786695505,0.0013699243436820303,5.767255090782873e-06,0.000292548741203835,3.751591127863554e-06,0.0005903731572078745,0.0002963146539204602,0.008172719020902396,0.0056140392793848064,0.0013699243434436117,5.767255091015704e-06,0.00029254874119638444,3.751591127979969e-06,0.0005903731574164907,0.0002963146539204602,0.008172719021580748,-7.152557373046875e-13,2.384185791015625e-13,-2.328306436538696e-16,7.450580596923828e-15,-1.164153218269348e-16,-2.0861625671386718e-13,0.0,-6.783520802855491e-13,104348.20810950377,20259.829105550423,78.67698453048412,5394.487937014521,74.68758432415271,10933.48778039981,5910.406464808137,146999.78396613128,0.043986706678377195,0.010736295149515735,4.5705910971892e-05,0.002292908802445058,2.939481718843416e-05,0.004625746901699902,0.0023184212459253736,0.06403517950612359,0.04398670667980771,0.010736295148532258,4.5705910973754646e-05,0.0022929088025344653,2.939481719122813e-05,0.004625746901744605,0.0023184212458061642,0.06403517950659018,-1.430511474609375e-12,9.834766387939452e-13,-1.862645149230957e-15,-8.940696716308594e-14,-2.7939677238464356e-15,-4.470348358154297e-14,1.1920928955078124e-13,-4.665926098823547e-13,166555.1882374669,31717.505620500502,108.57384303117618,8611.952297568201,118.43564984852318,17457.47676759503,9517.760295779051,234086.8927117894,0.029727037152355393,0.007253562078403643,3.040949686816245e-05,0.0015490632240015626,1.9864901226640903e-05,0.003126061465353089,0.0015695558381669736,0.04327555415637546,0.029727037152355393,0.007253562080549411,3.040949686723113e-05,0.0015490632240015626,1.9864901226640903e-05,0.003126061465353089,0.0015695558386438107,0.04327555415899713,0.0,-2.1457672119140626e-12,9.313225746154785e-16,0.0,0.0,0.0,-4.76837158203125e-13,-2.6216730475425722e-12,54708.88911536445,10341.146234026506,35.67908926077238,2827.0995723372116,39.62827384228157,5735.489296538399,3149.9857073430803,76837.9172887127,0.012128079409823782,0.002959280943118987,1.239612761866992e-05,0.0006319878093071283,8.104495169391936e-06,0.0012753725647317044,0.0006403998972380232,0.01765562124700769,0.01212807940940655,0.002959280943238196,1.2396127617272938e-05,0.0006319878093667329,8.104495165200984e-06,0.0012753725650595299,0.0006403998972305727,0.017655621247084058,4.1723251342773437e-13,-1.1920928955078124e-13,1.3969838619232178e-15,-5.960464477539062e-14,4.1909515857696534e-15,-3.2782554626464843e-13,7.450580596923828e-15,-7.636845111846928e-14,3127.570091896552,17610.54901556607,731.92718714334,2146.7931933678165,3442.5739247120778,1137.7022102935298
2017,177093.87397563123,36828.89637069709,156.15242783513003,9192.84331856003,125.91641703379534,18551.80546398972,9722.754749031905,251672.2427227789,2.061879285311356,0.5827129471684934,0.00829193257365419,0.16550761627717714,0.0013828928956977535,0.21762042220280092,0.07374797636204797,3.111143072791228,2.061879285311833,0.5827129471684934,0.00829193257365419,0.16550761627720692,0.0013828928956996452,0.2176204222027413,0.07374797636169034,3.111143072791319,-4.76837158203125e-13,0.0,0.0,-2.980232238769531e-14,-1.8917489796876906e-15,5.960464477539061e-14,3.5762786865234376e-13,-9.12987161427737e-14,990147.1474635288,191237.25648025682,738.7644926889534,51327.75706577632,716.5000851234734,103523.89486029436,55712.14770776898,1393403.4681554376,1.526808516542318,0.39086590136750765,0.003151275240760456,0.09450903639893869,0.001021814289055951,0.16079890040249986,0.07086160136339946,2.2480170456044797,1.5268085165418412,0.39086590137144156,0.0031512752407502117,0.09450903639989236,0.001021814289070794,0.1607989004007117,0.0708616013640551,2.248017045607763,4.76837158203125e-13,-3.933906555175781e-12,1.0244548320770263e-14,-9.5367431640625e-13,-1.4842953532934187e-14,1.7881393432617186e-12,-6.556510925292969e-13,-3.282853867858648e-12,74829.78638376851,13715.85807858344,52.5474895184241,3848.593779619769,60.10028835759748,7793.806327794096,4272.251544376006,104572.94389201785,0.024453160495853284,0.005967306692441062,2.5221225227750947e-05,0.0012742745465953837,1.6341061882562674e-05,0.0025715287112402525,0.0012902200844801693,0.035598052817720466,0.024453160496568538,0.005967306692202644,2.522122522798378e-05,0.001274274546587933,1.634106188267909e-05,0.002571528711448869,0.0012902200844801693,0.03559805281839881,-7.152557373046875e-13,2.384185791015625e-13,-2.328306436538696e-16,7.450580596923828e-15,-1.164153218269348e-16,-2.0861625671386718e-13,0.0,-6.783520802855491e-13,123836.84988981986,23535.85330804346,88.36318228551386,6389.816294593715,91.79122020856495,12946.818475365651,7051.045157194991,173940.53752751174,0.1914056561443783,0.04672070087686337,0.00019943868285733063,0.009977882578343563,0.00012791071010645678,0.020128805943494376,0.010085539223505701,0.2786459341595491,0.1914056561458088,0.04672070087587989,0.0001994386828591933,0.00997788257843297,0.00012791071010925074,0.02012880594353908,0.010085539223386493,0.27864593416001565,-1.430511474609375e-12,9.834766387939452e-13,-1.862645149230957e-15,-8.940696716308594e-14,-2.7939677238464356e-15,-4.470348358154297e-14,1.1920928955078124e-13,-4.665926098823547e-13,220317.8469749669,40754.9630893076,135.29483006751113,11357.731065708638,165.6188732660147,23011.584247189057,12664.401783310564,308407.4408638163,0.12925407842597844,0.03153902875927943,0.0001323191262261751,0.006735389260097508,8.637339025400554e-05,0.013592241100248181,0.006824031054117058,0.18816346111620075,0.12925407842597844,0.03153902876142519,0.0001323191262252438,0.006735389260097508,8.637339025400554e-05,0.013592241100248181,0.006824031054593896,0.18816346111882243,0.0,-2.1457672119140626e-12,9.313225746154785e-16,0.0,0.0,0.0,-4.76837158203125e-13,-2.6216730475425722e-12,92254.8911878671,16652.597431236485,54.34011269609144,4744.65755291614,72.57942331705307,9614.287998773802,5347.49250084313,128740.84620764981,0.052726314207925576,0.01286541602664836,5.391327053432021e-05,0.0027475442115838344,3.523400048249205e-05,0.0055446362356569275,0.0027840141761614257,0.07675707212899294,0.05272631420750834,0.012865416026767568,5.391327053292323e-05,0.0027475442114050204,3.52340004783011e-05,0.005544636235984753,0.002784014176153975,0.07675707212883087,4.1723251342773437e-13,-1.1920928955078124e-13,1.3969838619232178e-15,1.7881393432617188e-13,4.1909515857696534e-15,-3.2782554626464843e-13,7.450580596923828e-15,1.620501279830932e-13,3554.099805096553,20304.82912876222,1571.5890670749764,2567.033447390805,4601.876538997792,1947.3195056574684
2018,193075.66669322498,39465.56476459435,164.50648748425334,9988.403965752554,140.35139226356927,20195.6826848904,10638.453222936609,273668.62921114673,6.313541679134146,1.7729403380460744,0.024519327804250042,0.4985916070345223,0.004233764241048085,0.6662508459693337,0.23073729268705653,9.510814854916433,6.313541679134623,1.7729403380460744,0.024519327804250042,0.4985916070345521,0.004233764241049976,0.6662508459692741,0.2307372926866989,9.510814854916525,-4.76837158203125e-13,0.0,0.0,-2.980232238769531e-14,-1.8917489796876906e-15,5.960464477539061e-14,3.5762786865234376e-13,-9.12987161427737e-14,1126316.5913264258,213702.42513762662,809.9434696986029,58106.16126621091,839.4902016858757,117530.19884035454,63514.16054456671,1580818.970786569,5.164948186486216,1.324189457591145,0.010882782888029317,0.3213714771901586,0.0034568898411616675,0.54399717367327,0.2382840150162775,7.607129982686256,5.16494818648574,1.3241894575950788,0.010882782888019072,0.3213714771911123,0.0034568898411765103,0.5439971736714819,0.23828401501693314,7.60712998268954,4.76837158203125e-13,-3.933906555175781e-12,1.0244548320770263e-14,-9.5367431640625e-13,-1.4842953532934187e-14,1.7881393432617186e-12,-6.556510925292969e-13,-3.282853867858648e-12,113659.49510074388,20121.96454782694,72.8446932496796,5781.505108344923,95.17181590230376,11787.805923582555,6497.052331283716,158015.83952093398,0.08156305087037712,0.019905748738465602,8.474547193797327e-05,0.00425041554602391,5.450654543042458e-05,0.008577480921369939,0.004300739135629363,0.11873668722923433,0.08156305087109236,0.019905748738227185,8.47454719382061e-05,0.004250415546016459,5.450654543054099e-05,0.008577480921578555,0.004300739135629363,0.11873668722991268,-7.152557373046875e-13,2.384185791015625e-13,-2.328306436538696e-16,7.450580596923828e-15,-1.164153218269348e-16,-2.0861625671386718e-13,0.0,-6.783520802855491e-13,147006.52944356986,27358.375778182104,100.47451975956434,7543.184104247051,112.71839379604322,15330.03724856674,8378.583349132214,205829.90283725355,0.6374377277911702,0.15561114355449615,0.0006682234363101701,0.033232676522810624,0.0004259867053385362,0.06703585430082526,0.03356606620515895,0.92797767851611,0.6374377277926008,0.15561114355398953,0.0006682234363120327,0.03323267652290003,0.0004259867053413302,0.06703585430086996,0.03356606620503974,0.9279776785170535,-1.430511474609375e-12,5.066394805908202e-13,-1.862645149230957e-15,-8.940696716308594e-14,-2.7939677238464356e-15,-4.470348358154297e-14,1.1920928955078124e-13,-9.434297680854797e-13,260648.36116668768,47408.67171624227,156.3765401854595,13365.351270709238,202.04594897953248,27159.95575710083,14975.193253937961,363915.955653843,0.4296732397583869,0.10484560459082692,0.00044045776831631324,0.022390226674831346,0.0002871281394113861,0.04518422729630241,0.022682068545191808,0.6255029527732671,0.4296732397583869,0.10484560459297268,0.0004404577683153819,0.022390226674831346,0.0002871281394113861,0.04518422729630241,0.022682068545668645,0.6255029527758887,0.0,-2.1457672119140626e-12,9.313225746154785e-16,0.0,0.0,0.0,-4.76837158203125e-13,-2.6216730475425722e-12,137608.7703818368,24135.058374415283,78.04765407149992,7002.33678338977,113.54367146540983,14279.359696542224,7946.104477449297,191163.2210391703,0.17523494971471748,0.042758391023830035,0.00017931378247929662,0.009131438250002698,0.00011709988080920243,0.01842754820684865,0.00925200697878461,0.25510074783747205,0.17523494972192966,0.042758391023949245,0.00017931378247789965,0.009131438249823884,0.00011709988080501149,0.01842754820717648,0.00925200697877716,0.25510074784493936,-7.212162017822266e-12,-1.1920928955078124e-13,1.3969838619232178e-15,1.7881393432617188e-13,4.1909515857696534e-15,-3.2782554626464843e-13,7.450580596923828e-15,-7.467344403266906e-12,3910.3889000965532,23340.514097142255,2437.2367464279178,3083.565247390805,5500.982331205583,2958.4133709264042
2019,220938.49169270415,43896.073979503446,178.09956876300308,11314.412844029,167.59140893335595,23002.771625755086,12165.837234020484,311663.27835370856,17.36490083418347,4.874002195139472,0.06728983571551723,1.3698327909920658,0.011644556289345843,1.8324580767959895,0.6353991908307616,26.155527479946624,17.36490083418395,4.874002195139472,0.06728983571551911,1.3698327909920955,0.011644556289347734,1.83245807679593,0.635399190830404,26.155527479946716,-4.76837158203125e-13,0.0,-1.862645149230957e-15,-2.980232238769531e-14,-1.8917489796876906e-15,5.960464477539061e-14,3.5762786865234376e-13,-9.316136129200466e-14,1263597.206103303,235531.61972965774,876.9168133812233,64639.42966282148,973.7022291823912,131360.7740078934,71039.6076607829,1768019.2562070221,15.02677088946759,3.873493585619273,0.03367467626417775,0.9522919132097287,0.01005948142294193,1.5830210722517002,0.680689174605922,22.160000792841334,15.026770889467114,3.8734935856232067,0.0336746762641675,0.9522919132106824,0.010059481422971675,1.5830210722518194,0.6806891746065777,22.16000079284654,4.76837158203125e-13,-3.933906555175781e-12,1.0244548320770263e-14,-9.5367431640625e-13,-2.974411472678184e-14,-1.1920928955078132e-13,-6.556510925292969e-13,-5.205103661864996e-12,173398.10494185908,29621.089686497104,101.9886073741439,8624.502077485424,153.5751087461657,17806.27644948075,9771.80273858817,239477.33961003082,0.2267426648587214,0.05534682037757814,0.00023861908387483787,0.0118165066635128,0.00015153270317103975,0.023846106191554646,0.011942206087589564,0.33008445596600244,0.22674266485180727,0.05534682037733972,0.0002386190838750707,0.011816506663505349,0.00015153270317115613,0.023846106191763264,0.011942206087589564,0.33008445595905145,6.9141387939453125e-12,2.384185791015625e-13,-2.328306436538696e-16,7.450580596923828e-15,-1.164153218269348e-16,-2.0861625671386718e-13,0.0,6.951042450964451e-12,159031.81651133805,29270.534547677664,106.34114328088808,8115.474868589205,124.47488367785164,16541.545785094757,9037.785393302041,222227.97313296044,1.766369388484444,0.43128457222193406,0.0018700966660479632,0.09210452780661507,0.0011804565536502908,0.18576381035400163,0.09291375305618882,2.571486605142882,1.7663693884858747,0.43128457222142746,0.0018700966660498259,0.09210452780670447,0.0011804565536549473,0.18576381035404632,0.09291375305606961,2.5714866051438277,-1.430511474609375e-12,5.066394805908202e-13,-1.862645149230957e-15,-8.940696716308594e-14,-4.656612873077392e-15,-4.470348358154297e-14,1.1920928955078124e-13,-9.452924132347107e-13,299111.63411311625,53524.77391434677,175.14112688538358,15195.841948359042,239.6494653586094,31035.005330121432,17083.67249512862,416365.71839331614,1.1871413795385541,0.28968594374254697,0.0012197691967201158,0.06186224700936854,0.0007933100518329164,0.12484008629466746,0.06265507596973474,1.7281978118034247,1.1871413795385541,0.2896859437446927,0.0012197691967191842,0.06186224700936854,0.0007933100518329164,0.1248400862951443,0.06265507597021157,1.7281978118065235,0.0,-2.1457672119140626e-12,9.313225746154785e-16,0.0,0.0,-4.76837158203125e-13,-4.76837158203125e-13,-3.098510205745697e-12,200566.5470281132,34146.06801133222,108.76206207205996,9998.535869127434,175.0941741645917,20622.15080148205,11397.323132582429,277014.481078874,0.483974371934861,0.11809468832940498,0.0004958976642434156,0.02521987950045073,0.0003234150856328573,0.05089456146929603,0.025549682266303365,0.7045524962501925,0.48397437193444376,0.11809468832952419,0.0004958976642420186,0.025219879500748756,0.00032341508562866634,0.05089456146962386,0.025549682266295917,0.7045524962505072,4.17232513427734e-13,-1.1920928955078124e-13,1.3969838619232178e-15,-2.980232238769531e-13,4.1909515857696534e-15,-3.2782554626464843e-13,7.450580596923828e-15,-3.147870302200307e-13,4543.485042096553,26459.789604498517,3794.611076545564,3356.802539344828,6374.940722414374,4388.933266321086
2020,242990.89368570465,47276.98532028925,186.63467376007154,12309.683038936091,188.28802137102636,25140.161958013312,13254.184831692588,341346.831529767,313.9333871686482,94.52146348571813,1.7042636677706162,29.325111707180668,0.210903839272906,33.18910863575142,8.756010017847158,481.6402485221891,313.9333871686487,94.52146348571813,1.7042636677706182,29.32511170718058,0.2109038392729079,33.18910863575135,8.7560100178468,481.6402485221891,-4.76837158203125e-13,0.0,-1.862645149230957e-15,8.940696716308594e-14,-1.8917489796876906e-15,5.960464477539061e-14,3.5762786865234376e-13,2.6047928258776588e-14,1424710.9063955105,260232.38188004764,939.2738459120415,71910.8218650371,1124.9106016039163,146976.43644268013,78991.0185193707,1984885.749550162,39.39087825249809,10.237275863880551,0.0962035507059874,2.565097482231602,0.026377901038669917,4.150986660495034,1.7349376887237897,58.20175739957372,39.390878252497615,10.237275863884484,0.09620355070597716,2.565097482232556,0.026377901038699664,4.150986660495154,1.7349376887244454,58.20175739957893,4.76837158203125e-13,-3.933906555175781e-12,1.0244548320770263e-14,-9.5367431640625e-13,-2.974411472678184e-14,-1.1920928955078132e-13,-6.556510925292969e-13,-5.205103661864996e-12,297436.3010808353,48637.70947013724,149.9960320541929,14222.600628670309,269.9873922593614,29828.46076039375,15893.43397088134,406438.4893352314,0.5533614432870907,0.1351124557762306,0.0005947871284599864,0.028840036067987913,0.00036983930614490837,0.058200158671792415,0.029087531043521266,0.8055662512812278,0.5533614432801766,0.13511245577599218,0.0005947871284602193,0.028840036067980464,0.0003698393061301236,0.05820015867390838,0.029087531043521266,0.8055662512761692,6.9141387939453125e-12,2.384185791015625e-13,-2.328306436538696e-16,7.450580596923828e-15,1.478474587202072e-14,-2.115964889526367e-12,0.0,5.058594979345798e-12,172860.11126926448,31390.58653047943,111.6932109480191,8739.574212657144,137.45300993228474,17881.828967697285,9720.250341313958,240841.49754229258,4.283107253390452,1.0460734647844312,0.004603007583975223,0.2233911602527508,0.002862485037723748,0.45045802509284316,0.22493025089119847,6.2354256470333755,4.283107253391883,1.0460734647839247,0.0046030075839770855,0.2233911602528402,0.0028624850377284043,0.45045802509288785,0.22493025089107926,6.2354256470343215,-1.430511474609375e-12,5.066394805908202e-13,-1.862645149230957e-15,-8.940696716308594e-14,-4.656612873077392e-15,-4.470348358154297e-14,1.1920928955078124e-13,-9.452924132347107e-13,341971.1648609159,60095.680503660114,191.72936952551248,17130.180599292777,279.873976839453,35189.09007311441,19198.909979985237,474056.62936333346,2.865999254220052,0.699393452411799,0.0029561182673059237,0.1493497524140992,0.001915233694027222,0.30139280244973093,0.15120945092260346,4.172216064379617,2.865999254220052,0.6993934524139447,0.002956118267304992,0.14934975241433762,0.001915233694027222,0.30139280244973093,0.15120945092331872,4.172216064382717,0.0,-2.1457672119140626e-12,9.313225746154785e-16,-2.384185791015625e-13,0.0,0.0,-7.152557373046875e-13,-3.098510205745697e-12,337257.9249504517,55102.580138762045,161.66674171337215,16167.698502298446,303.38171732327913,33870.72253380378,18143.424207262917,461007.3987916156,1.167731400157231,0.2849464463509651,0.001199223835218721,0.060850964302174376,0.0007803415489081936,0.12279928396473463,0.06163328865018351,1.6999409488094157,1.167731400141555,0.28494644635108435,0.0011992238352173238,0.0608509643024724,0.0007803415489040026,0.1227992839669698,0.06163328865017606,1.699940948796379,1.5676021575927734e-11,-1.1920928955078124e-13,1.3969838619232178e-15,-2.980232238769531e-13,4.1909515857696534e-15,-2.2351741790771482e-12,7.450580596923828e-15,1.3036653399467468e-11,5046.729003096553,30136.46377052144,6625.208539809932,3672.3693347471267,7353.011049037751,7508.2810127488665
2021,263388.02250688453,50135.84737901841,194.5157133939586,13183.724031719312,206.87272127203153,26959.759514124366,14172.884853304147,368241.6267197168,526.8830310174646,157.0562859204099,2.771526682113372,48.47555297438913,0.3539364197852026,55.69758391856092,15.056591726826976,806.29450865955,526.8830310174651,157.0562859204099,2.7715266821133744,48.47555297438916,0.3539364197852045,55.697583918560866,15.056591726826618,806.2945086595503,-4.76837158203125e-13,0.0,-1.862645149230957e-15,-2.9802322387695305e-14,-1.8917489796876906e-15,5.960464477539061e-14,3.5762786865234376e-13,-9.316136129200466e-14,1584368.4343029123,282609.9847734023,1000.9622980622337,78752.33497312697,1270.3814308127,161219.2472883605,86182.09799064766,2195403.4430573247,96.08087882335255,25.220737687345945,0.258629031783844,6.463341191496042,0.0643648801886354,10.128848346022966,4.082274430427162,142.29907439061714,96.08087882335207,25.220737687349875,0.25862903178383373,6.463341191496996,0.06436488018866515,10.128848346023087,4.082274430427818,142.29907439062234,4.76837158203125e-13,-3.933906555175781e-12,1.0244548320770263e-14,-9.5367431640625e-13,-2.974411472678184e-14,-1.1920928955078132e-13,-6.556510925292969e-13,-5.205103661864996e-12,380091.65505256905,60222.68584069627,181.93239556471744,17764.479894015047,345.29823440009204,37202.02207899901,19616.285169491865,515424.358665736,1.2282460919013918,0.300040159880438,0.0013646515985011021,0.06402118160121059,0.0008209958317919603,0.12919688872516114,0.06435523360959561,1.7880452031480902,1.2282460918944778,0.30004015988019955,0.001364651598501335,0.06402118160120314,0.0008209958317771756,0.1291968887272771,0.06435523360959561,1.7880452031430316,6.9141387939453125e-12,2.384185791015625e-13,-2.328306436538696e-16,7.450580596923828e-15,1.478474587202072e-14,-2.115964889526367e-12,0.0,5.058594979345798e-12,215777.38995755574,37405.87332802409,128.27558277526308,10578.630150437819,176.55678536961412,21710.415633045137,11653.272640879046,297430.41407808673,9.393209580965737,2.295061709443451,0.010316378110428369,0.4900898675296042,0.006278009086763814,0.9879456279301996,0.49210282855877463,13.67500400162496,9.393209580967167,2.295061709441991,0.010316378110430232,0.49008986752969363,0.00627800908676847,0.9879456279302443,0.4921028285588938,13.67500400162519,-1.430511474609375e-12,1.4603137969970703e-12,-1.862645149230957e-15,-8.940696716308594e-14,-4.656612873077392e-15,-4.470348358154297e-14,-1.1920928955078124e-13,-2.3003667593002323e-13,382650.5363939253,65797.30218131053,207.4470591152534,18873.339579766,316.9386989741411,38818.036366218985,21031.13547770892,527694.7357570191,6.2460890009956405,1.5243486587107251,0.006482359092876284,0.32549557358842085,0.004174095242835415,0.6568609709742855,0.32935680856374516,9.092807467168527,6.2460890009956405,1.5243486587128707,0.006482359092875352,0.3254955735886593,0.004174095242835415,0.6568609709742855,0.3293568085644605,9.092807467171628,0.0,-2.1457672119140626e-12,9.313225746154785e-16,-2.384185791015625e-13,0.0,0.0,-7.152557373046875e-13,-3.098510205745697e-12,584734.0322016387,89788.8371931252,257.2865236339272,26772.34116393369,528.8678250129313,55947.69836201685,29289.90992460215,787318.9731939635,2.542670625197668,0.6204830931276231,0.0026210921009354703,0.13250161945566757,0.0016991763441582463,0.2673927062242541,0.1341558422674372,3.701524154717744,2.5426706251819917,0.6204830931277423,0.002621092100934073,0.1325016194559656,0.0016991763441540552,0.26739270622648925,0.13415584226742977,3.7015241547047073,1.5676021575927734e-11,-1.1920928955078124e-13,1.3969838619232178e-15,-2.980232238769531e-13,4.1909515857696534e-15,-2.2351741790771482e-12,7.450580596923828e-15,1.3036653399467468e-11,5516.3982540965535,33812.77685390586,8528.450830986403,4660.5930358965525,8289.704155531257,13206.726070975305
2022,294161.6062842409,54194.12921878164,204.98275507077796,14430.620033035331,233.85215222411796,29499.42370073081,15465.506052922847,408190.1201970065,567.5187034222442,167.25407623607015,2.8375763546029065,50.81615803045006,0.3811145355638198,59.97449723453859,17.056358524258638,865.8384843377282,567.5187034222447,167.25407623607015,2.8375763546029087,50.81615803045009,0.3811145355638217,59.97449723453853,17.05635852425828,865.8384843377285,-4.76837158203125e-13,0.0,-1.862645149230957e-15,-2.9802322387695305e-14,-1.8917489796876906e-15,5.960464477539061e-14,3.5762786865234376e-13,-9.316136129200466e-14,1814250.9084820603,312925.8516867495,1079.1523930284884,88066.80220906605,1471.9211144609433,180190.8526439528,95838.13810916686,2493823.626638485,793.9579848023043,226.5259949756617,3.585338919261846,67.76732532114835,0.5331365790915938,83.89760905922722,25.172604529108924,1201.439994185804,793.9579848023038,226.5259949756656,3.5853389192618357,67.76732532114931,0.5331365790916236,83.89760905922735,25.172604529109577,1201.4399941858092,4.76837158203125e-13,-3.933906555175781e-12,1.0244548320770263e-14,-9.5367431640625e-13,-2.974411472678184e-14,-1.1920928955078132e-13,-6.556510925292969e-13,-5.205103661864996e-12,473009.68718820723,72476.2980663891,213.53667415405093,21529.368753184295,426.76016780194016,44870.30667698804,23519.23709846916,636045.1946251937,2.5461493732359797,0.6224435589341681,0.0029700313439382305,0.13274036923308213,0.001702238035516077,0.267874511715392,0.1327382267487597,3.706618309246836,2.5461493732290656,0.6224435589339298,0.002970031343934738,0.13274036923307467,0.0017022380355012922,0.26787451171846166,0.1327382267487597,3.706618309242727,6.9141387939453125e-12,2.384185791015625e-13,3.492459654808044e-15,7.450580596923828e-15,1.478474587202072e-14,-3.0696392059326167e-12,0.0,4.10864595323801e-12,241883.5418890111,40848.63524538914,137.15508742655382,11636.40933821744,199.44424393001853,23864.888754866228,12749.841882577055,331319.91644141753,19.06897732894583,4.661871506435052,0.021590158190929017,0.9954175946625476,0.012745879705121806,2.005769024823084,0.9955511055167515,27.761922598279316,19.068977328947263,4.661871506433592,0.02159015819093088,0.995417594662637,0.012745879705126462,2.005769024823129,0.9955511055168706,27.761922598279547,-1.430511474609375e-12,1.4603137969970703e-12,-1.862645149230957e-15,-8.940696716308594e-14,-4.656612873077392e-15,-4.470348358154297e-14,-1.1920928955078124e-13,-2.3003667593002323e-13,395110.7949222776,67440.50504225178,211.68517601004854,19378.20916683692,327.86270077526336,39846.34923901473,21554.51924877068,543869.925495937,12.569933357811642,3.067981951483641,0.01317114878369843,0.6550633986710768,0.008400412380812093,1.3219398945616807,0.6622266956377687,18.29871685933032,12.569933357811642,3.0679819514857862,0.0131711487836975,0.6550633986713152,0.008400412380812093,1.3219398945616807,0.662226695638484,18.29871685933342,0.0,-2.1457672119140626e-12,9.313225746154785e-16,-2.384185791015625e-13,0.0,0.0,-7.152557373046875e-13,-3.098510205745697e-12,804893.8811396334,118822.52801231113,332.1696549282377,35692.863299971585,721.8836104287003,74116.92063140773,38537.55849556588,1073117.8048442467,5.110239015967877,1.2471276897833148,0.005299712639492747,0.26630730522529045,0.0034150758144839834,0.5374170650605131,0.2694704790074115,7.439276343498383,5.1102390159522,1.2471276897834338,0.005299712639491349,0.2663073052255885,0.00341507581444999,0.5374170650627483,0.26947047900740406,7.439276343485316,1.5676021575927734e-11,-1.1920928955078124e-13,1.3969838619232178e-15,-2.980232238769531e-13,3.3993273973464965e-14,-2.2351741790771482e-12,7.450580596923828e-15,1.3066455721855164e-11,6201.033502096554,38927.08677176148,10595.644578555815,5241.389602563219,8566.913734026291,18104.731901814383
2023,361782.7559519116,62804.34806141675,226.11344301328216,17056.976982059667,292.5932751820412,34951.03579644767,18182.036441973236,495295.85995200434,629.1896642519316,182.31477455191595,2.9043003444987936,54.03043419700158,0.42233238988112576,66.46078906589092,20.2946277652415,955.6169225663613,629.1896642519321,182.31477455191595,2.904300344498796,54.03043419700161,0.42233238988112765,66.46078906589086,20.29462776524114,955.6169225663615,-4.76837158203125e-13,0.0,-1.862645149230957e-15,-2.9802322387695305e-14,-1.8917489796876906e-15,5.960464477539061e-14,3.5762786865234376e-13,-9.316136129200466e-14,2105084.115753588,349957.72076351143,1170.0338077393421,99362.55536733859,1724.5620303954395,203637.80435047802,107521.72008878257,2868458.5121618332,1992.9299106553203,568.356589831557,8.998290210830621,170.53584729081325,1.3384936255139994,210.63348375218908,62.34969156070294,3015.1423069269276,1992.9299106553199,568.356589831561,8.99829021083061,170.53584729081615,1.3384936255140292,210.6334837521892,62.34969156070359,3015.1423069269345,4.76837158203125e-13,-3.933906555175781e-12,1.0244548320770263e-14,-2.86102294921875e-12,-2.974411472678184e-14,-1.1920928955078132e-13,-6.556510925292969e-13,-7.112452294677496e-12,615697.3904081525,90644.76099425429,258.12463731041845,27071.256797586928,550.7100852555573,56373.77878012223,29251.400539134545,819847.4222418163,5.037000886349771,1.2327053155775505,0.006278537353830037,0.2626703286778393,0.0033684359723451097,0.5300775265026474,0.2606495662088829,7.332750596642866,5.037000886342857,1.232705315577312,0.006278537353826545,0.2626703286778318,0.003368435972330325,0.5300775265057169,0.2606495662088829,7.332750596638757,6.9141387939453125e-12,2.384185791015625e-13,3.492459654808044e-15,7.450580596923828e-15,1.478474587202072e-14,-3.0696392059326167e-12,0.0,4.10864595323801e-12,284506.66021091526,46275.848156005806,150.47423116816324,13291.86068064469,236.4700834270081,27301.161408360553,14462.131554766704,386224.6063252882,36.460910194573316,8.920945004414584,0.04301438778533319,1.9045816586688473,0.024373555358746805,3.8355706841983337,1.894314316736891,53.08370980173605,36.460910194574744,8.920945004413124,0.04301438778533505,1.9045816586689368,0.02437355535875146,3.8355706841979016,1.89431431673701,53.08370980173581,-1.430511474609375e-12,1.4603137969970703e-12,-1.862645149230957e-15,-8.940696716308594e-14,-4.656612873077392e-15,4.3213367462158203e-13,-1.1920928955078124e-13,2.4680048227310175e-13,435351.7941402114,72564.40209835833,224.2599399877046,20941.14071193947,362.8192416596971,43090.57562614911,23171.11254537258,595706.1043036783,23.751718299948035,5.797946141312446,0.025249742616384643,1.2378442967316001,0.015873888012185214,2.4980113494452496,1.2496245696108437,34.57626828767674,23.751718299948035,5.797946141314592,0.025249742616383714,1.2378442967316001,0.015873888012185214,2.4980113494452496,1.2496245696115589,34.57626828767961,0.0,-2.1457672119140626e-12,9.313225746154785e-16,0.0,0.0,0.0,-7.152557373046875e-13,-2.8600916266441345e-12,1324270.3594046233,184954.8721318121,494.4677279546611,55865.073171511176,1173.05543642034,115989.01397876383,59402.361793037155,1742149.2036441227,9.637539404656671,2.352229696278436,0.010088725799008942,0.5022559974543086,0.006440838541187122,1.013569448881876,0.5077400008043556,14.029864112415844,9.637539404640997,2.3522296962861846,0.010088725799007544,0.5022559974546067,0.006440838541153128,1.0135694488841112,0.5077400008043481,14.029864112410406,1.5676021575927734e-11,-7.74860382080078e-12,1.3969838619232178e-15,-2.980232238769531e-13,3.3993273973464965e-14,-2.2351741790771482e-12,7.450580596923828e-15,5.437061190605165e-12,7727.948566774715,45494.227491403406,13817.595176284625,6203.838212045978,9475.573054749753,29832.479400929325
2024,443087.31501823117,72511.13885876941,247.3260509835076,19978.225686112663,360.1672391275557,40991.17624779293,21237.27880467084,598412.6279056881,733.1189619292074,207.70637451274538,3.0200891815308424,59.44777468559745,0.4917999521125045,77.39262645874983,25.735398729442625,1106.913025449386,733.1189619292079,207.70637451274538,3.0200891815308446,59.447774685597956,0.4917999521125064,77.39262645874977,25.735398729442267,1106.9130254493866,-4.76837158203125e-13,0.0,-1.862645149230957e-15,-5.066394805908203e-13,-1.8917489796876906e-15,5.960464477539061e-14,3.5762786865234376e-13,-5.699985194951296e-13,2330027.976423567,376813.3242099465,1228.7223485357947,107444.72159532156,1911.5177005969,220348.9522580171,115974.60416121296,3153749.818697198,3987.7681008659174,1123.0439549425446,17.51304287234052,337.1829358160464,2.6784402479087026,421.49561983419113,125.6711930493892,6015.353287628339,3987.768100865917,1123.0439549425487,17.513042872340517,337.1829358160493,2.678440247908732,421.49561983419125,125.67119304938986,6015.353287628345,4.76837158203125e-13,-3.933906555175781e-12,2.7939677238464356e-15,-2.86102294921875e-12,-2.974411472678184e-14,-1.1920928955078132e-13,-6.556510925292969e-13,-7.11990287527442e-12,830153.6306297034,116248.26813976857,314.0769258761497,34776.605931972714,728.9492690238492,72305.79817092909,37310.183436355364,1091837.512503629,9.685165020134882,2.373758352179385,0.013114874457200665,0.5052561419529058,0.006479312360395088,1.0196238474409887,0.4960654995914784,14.099463048117235,9.68516502009745,2.3737583521791468,0.013114874457189724,0.5052561419528984,0.006479312360380303,1.0196238474440582,0.4960654995914784,14.099463048082601,3.743171691894531e-11,2.384185791015625e-13,1.0943040251731872e-14,7.450580596923828e-15,1.478474587202072e-14,-3.0696392059326167e-12,0.0,3.4633674658834936e-11,357414.7109807918,54980.19640403811,169.4961644596673,15911.425330799222,297.06552912695605,32717.522701515765,17201.852031107243,478692.26914183877,66.56512376613468,16.304292935683783,0.08283085381661791,3.4802253235414993,0.04450467355134717,7.00352566586791,3.435507026168052,96.91601024476388,66.56512376613611,16.30429293568232,0.08283085381661977,3.480225323541589,0.04450467355135183,7.003525665867478,3.435507026168171,96.91601024476364,-1.430511474609375e-12,1.4603137969970703e-12,-1.862645149230957e-15,-8.940696716308594e-14,-4.656612873077392e-15,4.3213367462158203e-13,-1.1920928955078124e-13,2.4680048227310175e-13,444227.6618931867,73624.07442685374,226.57568101381176,21260.048009002297,370.1961658372881,43749.9665443362,23504.647681360115,606963.1704015901,42.69105707355122,10.422997087633373,0.046346270829290534,2.22504374861997,0.02853355700278778,4.4902133038060805,2.241531174180904,62.14572221562362,42.69105707355122,10.42299708763564,0.046346270829289604,2.22504374861997,0.02853355700278778,4.4902133038060805,2.241531174181619,62.14572221562661,0.0,-2.264976501464844e-12,9.313225746154785e-16,0.0,0.0,0.0,-7.152557373046875e-13,-2.9793009161949158e-12,1851500.1287280791,247899.7934465542,632.0235862647494,74808.28248303331,1611.24741276701,155157.0740902076,79214.47005130073,2410823.0197982066,17.274877903183267,4.216873694636575,0.018338496797291326,0.900326766258482,0.011545626006343214,1.816889690077293,0.908833789042141,25.147685966001394,17.274877903167592,4.216873694644323,0.01833849679728993,0.90032676625878,0.01154562600630922,1.8168896900795282,0.9088337890421334,25.147685965995954,1.5676021575927734e-11,-7.74860382080078e-12,1.3969838619232178e-15,-2.980232238769531e-13,3.3993273973464965e-14,-2.2351741790771482e-12,7.450580596923828e-15,5.437061190605165e-12,9521.026414774715,50455.10371092678,18547.179078129113,7811.7407980459775,9671.320034161517,41459.92109714358
2025,537744.6258193684,83609.91788010373,268.8916001881988,23304.335155972192,435.9219122203157,47650.47574309,24726.40836099161,717740.5764719344,902.2526199851103,249.05320315080104,3.2162702211256122,68.2652255137782,0.6048655956706247,95.18532235069006,34.551568799801736,1353.1290756169774,902.2526199851108,249.05320315080104,3.2162702211256144,68.26522551377872,0.6048655956706266,95.18532235068905,34.55156879980137,1353.1290756169772,-4.76837158203125e-13,0.0,-1.862645149230957e-15,-5.066394805908203e-13,-1.8917489796876906e-15,1.0132789611816406e-12,3.5762786865234376e-13,3.836757969111203e-13,2529255.9467747784,400173.2443163021,1274.1119815308216,114445.28006500182,2070.9607445324855,234364.9718467855,123318.2757055968,3404902.7914345274,6628.824077491014,1815.0024776073678,27.98234076455757,522.3398519743968,4.452298171473421,700.640669939893,212.57537619618842,9911.817092144891,6628.824077491013,1815.0024776073756,27.982340764557563,522.3398519743996,4.45229817147345,700.6406699398931,212.57537619618807,9911.8170921449,4.76837158203125e-13,-7.74860382080078e-12,2.7939677238464356e-15,-2.86102294921875e-12,-2.974411472678184e-14,-1.1920928955078132e-13,2.980232238769531e-13,-9.980925824493169e-12,959866.4771513636,131457.38624789534,343.62909411828633,39334.51195662756,832.7590455853618,81431.31299978329,42091.4826598675,1255357.559155241,18.378156939676114,4.512711951502448,0.027335863701068962,0.9592179540676,0.012300838666654646,1.9357340963521228,0.9290889918335605,26.75454663579957,18.378156939638682,4.51271195150221,0.027335863701058023,0.9592179540675925,0.012300838666639863,1.9357340963551923,0.9290889918335605,26.75454663576494,3.743171691894531e-11,2.384185791015625e-13,1.0943040251731872e-14,7.450580596923828e-15,1.478474587202072e-14,-3.0696392059326167e-12,0.0,3.4633674658834936e-11,406961.00330328627,60789.60874799405,180.7841779891826,17652.404349699234,336.7176505117926,36203.18690076814,19028.16033720004,541151.8654674487,117.3428271898675,28.78225687413226,0.15597287620227604,6.142035447007357,0.0784702992906605,12.34856225753952,6.003403376726281,170.85352832076586,117.34282718986893,28.782256874131747,0.1559728762022779,6.142035447007447,0.07847029929066515,12.348562257539088,6.0034033767264,170.85352832076657,-1.430511474609375e-12,5.066394805908203e-13,-1.862645149230957e-15,-8.940696716308594e-14,-4.656612873077392e-15,4.3213367462158203e-13,-1.1920928955078124e-13,-7.068738341331482e-13,464501.7301396048,76001.25376383256,231.19467359501814,21972.446975508534,386.421594166795,45176.28101807645,24251.96291931416,632521.2910840983,73.77306750032147,18.015522449454217,0.08247412769372943,3.8454179264243815,0.04931296372204274,7.760184281229018,3.8622557193584317,107.38823496820328,73.77306750032147,18.015522449456483,0.0824741276937285,3.8454179264243815,0.04931296372204274,7.760184281229018,3.8622557193590272,107.38823496820615,0.0,-2.264976501464844e-12,9.313225746154785e-16,0.0,0.0,0.0,-5.960464477539063e-13,-2.8600916266441345e-12,2282078.526024688,298386.0627321374,730.1212348751676,89938.13217603753,1955.841247642966,185448.98159883165,95085.86761801434,2953623.532632227,29.738682918938604,7.260756571039936,0.03221378545435249,1.5500501282093533,0.01987756585929363,3.1280535953013286,1.561315562385683,43.29095012718855,29.73868291892293,7.2607565710476845,0.032213785454366,1.5500501282096515,0.019877565859259635,3.1280535953035633,1.5613155623856754,43.29095012718312,1.5676021575927734e-11,-7.74860382080078e-12,-1.3504177331924439e-14,-2.980232238769531e-13,3.3993273973464965e-14,-2.2351741790771482e-12,7.450580596923828e-15,5.422160029411317e-12,11631.277599275643,54896.610202724434,21438.943968771157,8916.305476423859,10123.301779359614,51059.058926281694
2026,537744.6258193684,83609.91788010373,268.8916001881988,23304.335155972192,435.9219122203157,47650.47574309,24726.40836099161,717740.5764719344,1170.393234387958,314.65580501771865,3.544121885975266,82.24706285812417,0.7841495001600616,123.39852367910046,48.445705024234655,1743.4686023532713,1170.3932343879585,314.65580501771865,3.5441218859752683,82.24706285812468,0.7841495001600635,123.39852367909945,48.44570502423429,1743.468602353271,-4.76837158203125e-13,0.0,-1.862645149230957e-15,-5.066394805908203e-13,-1.8917489796876906e-15,1.0132789611816406e-12,3.5762786865234376e-13,3.836757969111203e-13,2529255.9467747784,400173.2443163021,1274.1119815308216,114445.28006500182,2070.9607445324855,234364.9718467855,123318.2757055968,3404902.7914345274,9906.514715857915,2661.3303140972503,39.93842348485015,710.229224965752,6.653471113011355,1047.0305858528582,331.6324836825663,14703.329219054202,9906.514715857913,2661.3303140972585,39.93842348485014,710.2292249657548,6.653471113011383,1047.0305858528582,331.632483682566,14703.329219054212,4.76837158203125e-13,-7.74860382080078e-12,2.7939677238464356e-15,-2.86102294921875e-12,-2.974411472678184e-14,-1.1920928955078132e-13,2.980232238769531e-13,-9.980925824493169e-12,959866.4771513636,131457.38624789534,343.62909411828633,39334.51195662756,832.7590455853618,81431.31299978329,42091.4826598675,1255357.559155241,34.80471419343977,8.564383980405594,0.056998102487280405,1.8175994163127114,0.023308582520736212,3.6679770496429738,1.732918626812451,50.66789995162152,34.80471419340234,8.564383980405356,0.05699810248726946,1.8175994163127038,0.023308582520721433,3.6679770496460433,1.732918626812451,50.66789995158689,3.743171691894531e-11,2.384185791015625e-13,1.0943040251731872e-14,7.450580596923828e-15,1.478474587202072e-14,-3.0696392059326167e-12,0.0,3.4633674658834936e-11,406961.00330328627,60789.60874799405,180.7841779891826,17652.404349699234,336.7176505117926,36203.18690076814,19028.16033720004,541151.8654674487,201.61235620118546,49.53910145933416,0.289521749944595,10.567603260473328,0.134859263776074,21.222268355927888,10.200748135296429,293.5664584259379,201.61235620118688,49.53910145933365,0.2895217499445969,10.567603260473419,0.13485926377607865,21.222268355927454,10.200748135296546,293.5664584259386,-1.430511474609375e-12,5.066394805908203e-13,-1.862645149230957e-15,-8.940696716308594e-14,-4.656612873077392e-15,4.3213367462158203e-13,-1.1920928955078124e-13,-7.068738341331482e-13,464501.7301396048,76001.25376383256,231.19467359501814,21972.446975508534,386.421594166795,45176.28101807645,24251.96291931416,632521.2910840983,123.70217747002735,30.215671454785962,0.1438222564352374,6.448876402186616,0.08269935469348191,13.01405651690078,6.4499750862392045,180.05727854126863,123.70217747002735,30.21567145478823,0.1438222564352365,6.448876402186616,0.08269935469348191,13.01405651690078,6.4499750862398,180.0572785412715,0.0,-2.264976501464844e-12,9.313225746154785e-16,0.0,0.0,0.0,-5.960464477539063e-13,-2.8600916266441345e-12,2282078.526024688,298386.0627321374,730.1212348751676,89938.13217603753,1955.841247642966,185448.98159883165,95085.86761801434,2953623.532632227,49.61164446129328,12.115863289837387,0.05526439968827418,2.586206205937486,0.033165074317294346,5.219052721533089,2.5969198371016904,72.21811598970851,49.611644461277606,12.115863289845135,0.05526439968828768,2.586206205937784,0.03316507431726036,5.2190527215353235,2.596919837101683,72.21811598970308,1.5676021575927734e-11,-7.74860382080078e-12,-1.3504177331924439e-14,-2.980232238769531e-13,3.3993273973464965e-14,-2.2351741790771482e-12,7.450580596923828e-15,5.422160029411317e-12,11631.277599275643,54896.610202724434,21438.943968771157,8916.305476423859,10123.301779359614,51059.058926281694
2027,537744.6258193684,83609.91788010373,268.8916001881988,23304.335155972192,435.9219122203157,47650.47574309,24726.40836099161,717740.5764719344,1587.6438550050084,416.8424864870736,4.08855392916465,104.00983570367404,1.0631973707744236,167.31117784891836,69.89746105500156,2350.856567399615,1587.6438550050088,416.8424864870736,4.088553929164653,104.00983570367455,1.0631973707744256,167.31117784891734,69.89746105500119,2350.856567399615,-4.76837158203125e-13,0.0,-1.862645149230957e-15,-5.066394805908203e-13,-1.8917489796876906e-15,1.0132789611816406e-12,3.5762786865234376e-13,3.836757969111203e-13,2529255.9467747784,400173.2443163021,1274.1119815308216,114445.28006500182,2070.9607445324855,234364.9718467855,123318.2757055968,3404902.7914345274,10772.616652370993,2875.217248067684,41.523123367179394,755.8255914228906,7.233341605240777,1138.2824094336263,373.647661138104,15964.346027405716,10772.61665237099,2875.2172480676923,41.52312336717939,755.8255914228935,7.233341605240805,1138.2824094336263,373.6476611381037,15964.346027405727,4.76837158203125e-13,-7.74860382080078e-12,2.7939677238464356e-15,-2.86102294921875e-12,-2.974411472678184e-14,-1.1920928955078132e-13,2.980232238769531e-13,-9.980925824493169e-12,959866.4771513636,131457.38624789534,343.62909411828633,39334.51195662756,832.7590455853618,81431.31299978329,42091.4826598675,1255357.559155241,66.18760678500385,16.322676942290833,0.11852279264587309,3.458556540706993,0.044351991908086905,6.979484921393339,3.2427666226607688,96.35396659660974,66.18760678496642,16.322676942290595,0.11852279264586216,3.4585565407069856,0.044351991908072125,6.979484921396408,3.2427666226607688,96.3539665965751,3.743171691894531e-11,2.384185791015625e-13,1.0943040251731872e-14,7.450580596923828e-15,1.478474587202072e-14,-3.0696392059326167e-12,0.0,3.4633674658834936e-11,406961.00330328627,60789.60874799405,180.7841779891826,17652.404349699234,336.7176505117926,36203.18690076814,19028.16033720004,541151.8654674487,340.1605753511301,83.75561259809373,0.5319317558378874,17.858214361126638,0.2276079240760901,35.81774182629365,16.981245634278153,495.3329294508362,340.1605753511315,83.75561259809322,0.5319317558378893,17.85821436112673,0.22760792407609476,35.817741826293215,16.981245634278274,495.3329294508369,-1.430511474609375e-12,5.066394805908203e-13,-1.862645149230957e-15,-8.940696716308594e-14,-4.656612873077392e-15,4.3213367462158203e-13,-1.1920928955078124e-13,-7.068738341331482e-13,464501.7301396048,76001.25376383256,231.19467359501814,21972.446975508534,386.421594166795,45176.28101807645,24251.96291931416,632521.2910840983,202.91877013859136,49.577619040154005,0.24795506074142715,10.580589768983966,0.13568414959554845,21.352011520888652,10.523101719662085,295.33573139861704,202.91877013859136,49.57761904015628,0.24795506074142626,10.580589768983966,0.13568414959554845,21.352011520888652,10.52310171966268,295.33573139861994,0.0,-2.264976501464844e-12,9.313225746154785e-16,0.0,0.0,0.0,-5.960464477539063e-13,-2.8600916266441345e-12,2282078.526024688,298386.0627321374,730.1212348751676,89938.13217603753,1955.841247642966,185448.98159883165,95085.86761801434,2953623.532632227,80.85018939296654,19.75102867960606,0.09344711952334286,4.215380815183625,0.05405744816946999,8.50678646178118,4.214694898032613,117.68558481526284,80.85018939295087,19.751028679613807,0.09344711952335637,4.215380815183924,0.054057448169436,8.506786461783415,4.214694898032606,117.68558481525741,1.5676021575927734e-11,-7.74860382080078e-12,-1.3504177331924439e-14,-2.980232238769531e-13,3.3993273973464965e-14,-2.2351741790771482e-12,7.450580596923828e-15,5.422160029411317e-12,11631.277599275643,54896.610202724434,21438.943968771157,8916.305476423859,10123.301779359614,51059.058926281694
2028,537744.6258193684,83609.91788010373,268.8916001881988,23304.335155972192,435.9219122203157,47650.47574309,24726.40836099161,717740.5764719344,2264.3315583070384,583.1794127185963,5.12340155348615,139.42745371367238,1.5159925535590273,238.56572199760907,103.8605724750305,3336.0041133189916,2264.331558307039,583.1794127185963,5.123401553486152,139.4274537136729,1.5159925535590293,238.56572199760805,103.86057247503012,3336.0041133189916,-4.76837158203125e-13,0.0,-1.862645149230957e-15,-5.066394805908203e-13,-1.8917489796876906e-15,1.0132789611816406e-12,3.5762786865234376e-13,3.836757969111203e-13,2529255.9467747784,400173.2443163021,1274.1119815308216,114445.28006500182,2070.9607445324855,234364.9718467855,123318.2757055968,3404902.7914345274,17269.770851281042,4530.475438147027,63.37588403188829,1111.5202594201605,11.59627931262157,1824.8602868962735,630.1227236350876,25441.7217227241,17269.770851281042,4530.475438147035,63.37588403188828,1111.5202594201633,11.596279312621599,1824.8602868962735,630.1227236350874,25441.721722724113,4.76837158203125e-13,-7.74860382080078e-12,2.7939677238464356e-15,-2.86102294921875e-12,-2.974411472678184e-14,-1.1920928955078132e-13,2.980232238769531e-13,-9.980925824493169e-12,959866.4771513636,131457.38624789534,343.62909411828633,39334.51195662756,832.7590455853618,81431.31299978329,42091.4826598675,1255357.559155241,126.46446772555375,31.252373443259827,0.24423726692621642,6.612023512813771,0.08479176609850472,13.34329146756761,6.10076670609947,184.10195188831915,126.46446772551631,31.252373443259593,0.24423726692620548,6.612023512813764,0.08479176609848996,13.34329146757068,6.10076670609947,184.1019518882845,3.743171691894531e-11,2.384185791015625e-13,1.0943040251731872e-14,7.450580596923828e-15,1.478474587202072e-14,-3.0696392059326167e-12,0.0,3.4633674658834936e-11,406961.00330328627,60789.60874799405,180.7841779891826,17652.404349699234,336.7176505117926,36203.18690076814,19028.16033720004,541151.8654674487,1344.1559278224852,339.53368381585045,3.8821961132898855,72.80677296994995,0.9017807532543058,141.90959406714214,56.761090356322164,1959.951045898294,1344.1559278224865,339.53368381584994,3.8821961132898872,72.80677296995003,0.9017807532543105,141.9095940671417,56.761090356322285,1959.9510458982948,-1.430511474609375e-12,5.066394805908203e-13,-1.862645149230957e-15,-8.940696716308594e-14,-4.656612873077392e-15,4.3213367462158203e-13,-1.1920928955078124e-13,-7.068738341331482e-13,464501.7301396048,76001.25376383256,231.19467359501814,21972.446975508534,386.421594166795,45176.28101807645,24251.96291931416,632521.2910840983,327.9742082596189,80.14860120264244,0.4252766241308844,17.10525118401734,0.21935682448188804,34.5190538613644,16.890940404892316,477.2826883611481,327.9742082596189,80.14860120264471,0.4252766241308835,17.10525118401734,0.21935682448188804,34.5190538613644,16.890940404892913,477.28268836115103,0.0,-2.264976501464844e-12,9.313225746154785e-16,0.0,0.0,0.0,-5.960464477539063e-13,-2.8600916266441345e-12,2282078.526024688,298386.0627321374,730.1212348751676,89938.13217603753,1955.841247642966,185448.98159883165,95085.86761801434,2953623.532632227,129.6429852811395,31.682501778085623,0.1569011363665514,6.760904638769015,0.08670128490503559,13.643753406431726,6.721511451235662,188.69525897693313,129.64298528112383,31.68250177809337,0.15690113636656491,6.760904638769313,0.08670128490500159,13.64375340643396,6.721511451235655,188.69525897692768,1.5676021575927734e-11,-7.74860382080078e-12,-1.3504177331924439e-14,-2.980232238769531e-13,3.3993273973464965e-14,-2.2351741790771482e-12,7.450580596923828e-15,5.422160029411317e-12,11631.277599275643,54896.610202724434,21438.943968771157,8916.305476423859,10123.301779359614,51059.058926281694
2029,537744.6258193684,83609.91788010373,268.8916001881988,23304.335155972192,435.9219122203157,47650.47574309,24726.40836099161,717740.5764719344,5610.971713348792,1423.5487862175341,14.843907781815094,314.5869677891646,3.7622078272038557,592.0435964967435,248.9780518344489,8208.735231295701,5610.971713348792,1423.5487862175341,14.843907781815098,314.5869677891651,3.7622078272038575,592.0435964967425,248.97805183444854,8208.735231295701,-4.76837158203125e-13,0.0,-1.862645149230957e-15,-5.066394805908203e-13,-1.8917489796876906e-15,1.0132789611816406e-12,3.5762786865234376e-13,3.836757969111203e-13,2529255.9467747784,400173.2443163021,1274.1119815308216,114445.28006500182,2070.9607445324855,234364.9718467855,123318.2757055968,3404902.7914345274,26455.397714979634,6843.588093245952,92.07631746361793,1592.5149233893972,17.764483510936287,2795.5246022494366,1018.3182849210748,38815.18441976005,26455.397714979634,6843.58809324596,92.07631746361791,1592.5149233893999,17.764483510936316,2795.5246022494366,1018.3182849210746,38815.18441976006,4.76837158203125e-13,-7.74860382080078e-12,2.7939677238464356e-15,-2.86102294921875e-12,-2.974411472678184e-14,-1.1920928955078132e-13,2.980232238769531e-13,-9.980925824493169e-12,959866.4771513636,131457.38624789534,343.62909411828633,39334.51195662756,832.7590455853618,81431.31299978329,42091.4826598675,1255357.559155241,241.72051911543878,59.84103142529356,0.49491122417695965,12.644378139863047,0.16215058478954553,25.516798714377096,11.504019058402399,351.8838082623414,241.72051911540134,59.84103142529332,0.49491122417694866,12.64437813986304,0.16215058478953076,25.516798714380165,11.504019058402399,351.88380826230673,3.743171691894531e-11,2.384185791015625e-13,1.0943040251731872e-14,7.450580596923828e-15,1.478474587202072e-14,-3.0696392059326167e-12,0.0,3.4633674658834936e-11,406961.00330328627,60789.60874799405,180.7841779891826,17652.404349699234,336.7176505117926,36203.18690076814,19028.16033720004,541151.8654674487,2265.158497742408,570.7901225227668,6.553803026412082,121.01342164058411,1.5199764363815047,239.19234515309375,96.73411455448384,3300.9622810761302,2265.1584977424095,570.7901225227663,6.5538030264120835,121.0134216405842,1.5199764363815094,239.19234515309333,96.73411455448397,3300.9622810761307,-1.430511474609375e-12,5.066394805908203e-13,-1.862645149230957e-15,-8.940696716308594e-14,-4.656612873077392e-15,4.3213367462158203e-13,-1.1920928955078124e-13,-7.068738341331482e-13,464501.7301396048,76001.25376383256,231.19467359501814,21972.446975508534,386.421594166795,45176.28101807645,24251.96291931416,632521.2910840983,686.5784143695369,169.25424946487647,1.287886857877869,35.85566278538671,0.45981379812985934,72.35817131434275,33.358827039874214,999.1530256300248,686.5784143695369,169.25424946487874,1.2878868578778682,35.85566278538671,0.45981379812985934,72.35817131434275,33.35882703987481,999.1530256300277,0.0,-2.264976501464844e-12,9.313225746154785e-16,0.0,0.0,0.0,-5.960464477539063e-13,-2.8600916266441345e-12,2282078.526024688,298386.0627321374,730.1212348751676,89938.13217603753,1955.841247642966,185448.98159883165,95085.86761801434,2953623.532632227,205.81355314541906,50.3173659163366,0.26283610101722177,10.736283685010758,0.13768250313660296,21.666242727041748,10.598069885816486,299.53203396377853,205.8135531454034,50.31736591634435,0.2628361010172353,10.736283685011056,0.13768250313656896,21.666242727043983,10.598069885816479,299.5320339637731,1.5676021575927734e-11,-7.74860382080078e-12,-1.3504177331924439e-14,-2.980232238769531e-13,3.3993273973464965e-14,-2.2351741790771482e-12,7.450580596923828e-15,5.422160029411317e-12,11631.277599275643,54896.610202724434,21438.943968771157,8916.305476423859,10123.301779359614,51059.058926281694
2030,537744.6258193684,83609.91788010373,268.8916001881988,23304.335155972192,435.9219122203157,47650.47574309,24726.40836099161,717740.5764719344,9936.630841963863,2498.529858594992,26.329156241762213,540.9695093410359,6.665301647291482,1048.891426013447,447.904276981541,14505.920370783932,9936.630841963863,2498.529858594992,26.329156241762217,540.9695093410364,6.665301647291484,1048.891426013446,447.9042769815406,14505.920370783932,-4.76837158203125e-13,0.0,-1.862645149230957e-15,-5.066394805908203e-13,-1.8917489796876906e-15,1.0132789611816406e-12,3.5762786865234376e-13,3.836757969111203e-13,2529255.9467747784,400173.2443163021,1274.1119815308216,114445.28006500182,2070.9607445324855,234364.9718467855,123318.2757055968,3404902.7914345274,37725.508452825845,9647.495921401849,124.07184575444381,2182.589293542578,25.331539688781277,3986.316939062128,1528.0307023536882,55219.34469462931,37725.508452825845,9647.495921401856,124.0718457544438,2182.589293542581,25.331539688781305,3986.316939062128,1528.030702353688,55219.344694629326,4.76837158203125e-13,-7.74860382080078e-12,2.7939677238464356e-15,-2.86102294921875e-12,-2.974411472678184e-14,-1.1920928955078132e-13,2.980232238769531e-13,-9.980925824493169e-12,959866.4771513636,131457.38624789534,343.62909411828633,39334.51195662756,832.7590455853618,81431.31299978329,42091.4826598675,1255357.559155241,2490.9732777897134,622.1143398342517,7.481861565775915,130.50062870067782,1.6735206249997452,263.35469715264014,110.57941368318032,3626.6777393512393,2490.9732777896756,622.1143398342515,7.481861565775905,130.50062870067782,1.6735206249997305,263.3546971526432,110.57941368318032,3626.6777393512048,3.743171691894531e-11,2.384185791015625e-13,1.0943040251731872e-14,7.450580596923828e-15,1.478474587202072e-14,-3.0696392059326167e-12,0.0,3.4633674658834936e-11,406961.00330328627,60789.60874799405,180.7841779891826,17652.404349699234,336.7176505117926,36203.18690076814,19028.16033720004,541151.8654674487,4655.526545845283,1166.9381734081849,13.55069372219975,246.19746234177092,3.1253210172429213,491.81823998376615,203.94278109081648,6781.099217409264,4655.526545845284,1166.9381734081844,13.550693722199753,246.197462341771,3.1253210172429258,491.8182399837657,203.94278109081662,6781.099217409264,-1.430511474609375e-12,5.066394805908203e-13,-1.862645149230957e-15,-8.940696716308594e-14,-4.656612873077392e-15,4.3213367462158203e-13,-1.1920928955078124e-13,-7.068738341331482e-13,464501.7301396048,76001.25376383256,231.19467359501814,21972.446975508534,386.421594166795,45176.28101807645,24251.96291931416,632521.2910840983,2317.11798144661,575.2914303293419,6.017232517512046,121.24063972913409,1.5547901409895337,244.66832898363788,106.67794307503279,3372.568346222258,2317.11798144661,575.2914303293442,6.017232517512044,121.24063972913409,1.5547901409895337,244.66832898363788,106.67794307503338,3372.5683462222605,0.0,-2.264976501464844e-12,9.313225746154785e-16,0.0,0.0,0.0,-5.960464477539063e-13,-2.8600916266441345e-12,2282078.526024688,298386.0627321374,730.1212348751676,89938.13217603753,1955.841247642966,185448.98159883165,95085.86761801434,2953623.532632227,749.9187773797702,185.78446035251713,1.79963935723499,39.226118546762976,0.5030360693786433,79.15979300657473,35.20703939281742,1091.5988641050562,749.9187773797545,185.7844603525249,1.7996393572350036,39.226118546763274,0.5030360693786093,79.15979300657696,35.20703939281742,1091.5988641050508,1.5676021575927734e-11,-7.74860382080078e-12,-1.3504177331924439e-14,-2.980232238769531e-13,3.3993273973464965e-14,-2.2351741790771482e-12,7.450580596923828e-15,5.422160029411317e-12,11631.277599275643,54896.610202724434,21438.943968771157,8916.305476423859,10123.301779359614,51059.058926281694
2031,537744.6258193684,83609.91788010373,268.8916001881988,23304.335155972192,435.9219122203157,47650.47574309,24726.40836099161,717740.5764719344,11475.421478092798,2873.1962192073324,27.972356535705533,621.2109852616829,7.694319784932973,1210.8220876672108,528.4035314171724,16744.720977966834,11475.421478092798,2873.1962192073324,27.972356535705536,621.2109852616835,7.694319784932975,1210.8220876672099,528.403531417172,16744.720977966834,-4.76837158203125e-13,0.0,-1.862645149230957e-15,-5.066394805908203e-13,-1.8917489796876906e-15,1.0132789611816406e-12,3.5762786865234376e-13,3.836757969111203e-13,2529255.9467747784,400173.2443163021,1274.1119815308216,114445.28006500182,2070.9607445324855,234364.9718467855,123318.2757055968,3404902.7914345274,40513.18386609111,10319.832382494662,127.0761387892179,2327.9474119463293,27.195726745477344,4279.660533873442,1673.3905367309776,59268.28659667121,40513.18386609111,10319.83238249467,127.07613878921788,2327.947411946332,27.195726745477373,4279.660533873442,1673.3905367309771,59268.28659667123,4.76837158203125e-13,-7.74860382080078e-12,2.7939677238464356e-15,-2.86102294921875e-12,-2.974411472678184e-14,-1.1920928955078132e-13,2.980232238769531e-13,-9.980925824493169e-12,959866.4771513636,131457.38624789534,343.62909411828633,39334.51195662756,832.7590455853618,81431.31299978329,42091.4826598675,1255357.559155241,2702.208118632686,674.2747845931235,7.781077972244661,141.5558618343541,1.8153003275748554,285.6646267406656,120.8154245844201,3934.1151946850687,2702.208118632648,674.2747845931233,7.78107797224465,141.5558618343541,1.8153003275748407,285.66462674066867,120.8154245844201,3934.115194685034,3.743171691894531e-11,2.384185791015625e-13,1.0943040251731872e-14,7.450580596923828e-15,1.478474587202072e-14,-3.0696392059326167e-12,0.0,3.4633674658834936e-11,406961.00330328627,60789.60874799405,180.7841779891826,17652.404349699234,336.7176505117926,36203.18690076814,19028.16033720004,541151.8654674487,5102.781197910889,1276.2019629489585,14.053614576790492,269.5306165778332,3.4245620535717163,538.906077839998,227.05444458724799,7431.9524764952885,5102.78119791089,1276.201962948958,14.053614576790496,269.53061657783326,3.4245620535717207,538.9060778399976,227.05444458724813,7431.9524764952885,-1.430511474609375e-12,5.066394805908203e-13,-1.862645149230957e-15,-8.940696716308594e-14,-4.656612873077392e-15,4.3213367462158203e-13,-1.1920928955078124e-13,-7.068738341331482e-13,464501.7301396048,76001.25376383256,231.19467359501814,21972.446975508534,386.421594166795,45176.28101807645,24251.96291931416,632521.2910840983,2659.9049816024203,657.9843178971208,6.393404970566438,139.11838441089935,1.784092574661511,280.74723877262784,124.47774162613891,3870.410161854435,2659.9049816024203,657.9843178971231,6.393404970566436,139.11838441089935,1.784092574661511,280.74723877262784,124.4777416261395,3870.410161854438,0.0,-2.264976501464844e-12,9.313225746154785e-16,0.0,0.0,0.0,-5.960464477539063e-13,-2.8600916266441345e-12,2282078.526024688,298386.0627321374,730.1212348751676,89938.13217603753,1955.841247642966,185448.98159883165,95085.86761801434,2953623.532632227,897.4929794624861,221.69070347300888,1.9684241684767212,46.92796776856968,0.601817929753403,94.70265696313155,42.8028997289215,1306.1874494943481,897.4929794624704,221.69070347301664,1.968424168476735,46.92796776856998,0.601817929753369,94.70265696313378,42.8028997289215,1306.1874494943427,1.5676021575927734e-11,-7.74860382080078e-12,-1.3504177331924439e-14,-2.980232238769531e-13,3.3993273973464965e-14,-2.2351741790771482e-12,7.450580596923828e-15,5.422160029411317e-12,11631.277599275643,54896.610202724434,21438.943968771157,8916.305476423859,10123.301779359614,51059.058926281694
2032,537744.6258193684,83609.91788010373,268.8916001881988,23304.335155972192,435.9219122203157,47650.47574309,24726.40836099161,717740.5764719344,16889.197309431656,4206.881604627202,35.33735969905411,904.38268654485,11.325703927830434,1782.27362325669,794.0982674705757,24623.496554957856,16889.197309431656,4206.881604627202,35.33735969905411,904.3826865448507,11.325703927830435,1782.273623256689,794.0982674705753,24623.496554957856,-4.76837158203125e-13,0.0,-1.862645149230957e-15,-5.066394805908203e-13,-1.8917489796876906e-15,1.0132789611816406e-12,3.5762786865234376e-13,3.836757969111203e-13,2529255.9467747784,400173.2443163021,1274.1119815308216,114445.28006500182,2070.9607445324855,234364.9718467855,123318.2757055968,3404902.7914345274,55883.19895953739,14103.705090988364,148.9264204596127,3132.3415107135897,37.51149484548195,5902.9686925052065,2416.9509655188303,81625.60313456848,55883.19895953739,14103.705090988371,148.9264204596127,3132.3415107135925,37.51149484548198,5902.9686925052065,2416.9509655188303,81625.60313456849,4.76837158203125e-13,-7.74860382080078e-12,2.7939677238464356e-15,-2.86102294921875e-12,-2.974411472678184e-14,-1.1920928955078132e-13,2.980232238769531e-13,-9.980925824493169e-12,959866.4771513636,131457.38624789534,343.62909411828633,39334.51195662756,832.7590455853618,81431.31299978329,42091.4826598675,1255357.559155241,9184.383391793552,2283.9242062171616,17.73342907611233,481.2190405649259,6.171104320351443,971.1165434069364,426.3907077045852,13370.938423083626,9184.383391793514,2283.9242062171616,17.73342907611232,481.2190405649259,6.171104320351428,971.1165434069396,426.3907077045852,13370.93842308359,3.743171691894531e-11,2.384185791015625e-13,1.0943040251731872e-14,7.450580596923828e-15,1.478474587202072e-14,-3.0696392059326167e-12,0.0,3.4633674658834936e-11,406961.00330328627,60789.60874799405,180.7841779891826,17652.404349699234,336.7176505117926,36203.18690076814,19028.16033720004,541151.8654674487,8928.786022039596,2223.9281892037657,19.702353008189775,469.8846720631483,5.993920388127211,943.2290144137471,409.90130411347263,13001.425475230048,8928.786022039598,2223.928189203765,19.70235300818978,469.8846720631484,5.993920388127216,943.2290144137467,409.90130411347275,13001.425475230048,-1.430511474609375e-12,5.066394805908203e-13,-1.862645149230957e-15,-8.940696716308594e-14,-4.656612873077392e-15,4.3213367462158203e-13,-1.1920928955078124e-13,-7.068738341331482e-13,464501.7301396048,76001.25376383256,231.19467359501814,21972.446975508534,386.421594166795,45176.28101807645,24251.96291931416,632521.2910840983,5063.759208708018,1250.8886310187368,9.879890413154035,264.96353698775215,3.3980149019782697,534.7093684288441,240.01630491799895,7367.614955376483,5063.759208708018,1250.888631018739,9.879890413154033,264.96353698775215,3.3980149019782697,534.7093684288441,240.01630491799955,7367.614955376484,0.0,-2.264976501464844e-12,9.313225746154785e-16,0.0,0.0,0.0,-5.960464477539063e-13,-2.8600916266441345e-12,2282078.526024688,298386.0627321374,730.1212348751676,89938.13217603753,1955.841247642966,185448.98159883165,95085.86761801434,2953623.532632227,2238.890793242733,553.677744431756,3.9536551167746645,117.17718673142252,1.502720564002645,236.46858840060466,106.8582875960055,3258.5289760832993,2238.8907932427173,553.6777444317638,3.9536551167746783,117.17718673142284,1.5027205640026111,236.4685884006069,106.8582875960055,3258.528976083294,1.5676021575927734e-11,-7.74860382080078e-12,-1.3504177331924439e-14,-2.980232238769531e-13,3.3993273973464965e-14,-2.2351741790771482e-12,7.450580596923828e-15,5.422160029411317e-12,11631.277599275643,54896.610202724434,21438.943968771157,8916.305476423859,10123.301779359614,51059.058926281694
2033,537744.6258193684,83609.91788010373,268.8916001881988,23304.335155972192,435.9219122203157,47650.47574309,24726.40836099161,717740.5764719344,19538.838804160983,4848.6993410586765,38.12500296803105,1042.5462130329752,13.097592512805788,2061.0956865104868,933.1893100167813,28475.591950260736,19538.838804160983,4848.6993410586765,38.12500296803105,1042.5462130329759,13.09759251280579,2061.095686510486,933.1893100167808,28475.591950260736,-4.76837158203125e-13,0.0,-1.862645149230957e-15,-5.066394805908203e-13,-1.8917489796876906e-15,1.0132789611816406e-12,3.5762786865234376e-13,3.836757969111203e-13,2529255.9467747784,400173.2443163021,1274.1119815308216,114445.28006500182,2070.9607445324855,234364.9718467855,123318.2757055968,3404902.7914345274,60856.07698442225,15281.139676260053,153.97519794741257,3391.4430652927517,40.83506494395878,6425.875013147369,2679.3417161931616,88828.68671820695,60856.07698442225,15281.13967626006,153.97519794741257,3391.4430652927545,40.835064943958805,6425.875013147369,2679.3417161931616,88828.68671820697,4.76837158203125e-13,-7.74860382080078e-12,2.7939677238464356e-15,-2.86102294921875e-12,-2.974411472678184e-14,-1.1920928955078132e-13,2.980232238769531e-13,-9.980925824493169e-12,959866.4771513636,131457.38624789534,343.62909411828633,39334.51195662756,832.7590455853618,81431.31299978329,42091.4826598675,1255357.559155241,9287.975328120498,2308.8868806818086,17.843376494279546,486.6217724338324,6.240455732942647,982.0200242077758,431.8192232474116,13521.40706091855,9287.97532812046,2308.8868806818086,17.843376494279536,486.6217724338324,6.240455732942632,982.020024207779,431.8192232474116,13521.407060918513,3.743171691894531e-11,2.384185791015625e-13,1.0943040251731872e-14,7.450580596923828e-15,1.478474587202072e-14,-3.0696392059326167e-12,0.0,3.4633674658834936e-11,406961.00330328627,60789.60874799405,180.7841779891826,17652.404349699234,336.7176505117926,36203.18690076814,19028.16033720004,541151.8654674487,9565.36433980642,2378.217796284881,20.361004339208925,503.0616599480579,6.419511689273247,1010.1851549653722,443.4216946419427,13927.031161675157,9565.364339806421,2378.2177962848805,20.361004339208932,503.06165994805804,6.419511689273252,1010.1851549653718,443.4216946419428,13927.031161675157,-1.430511474609375e-12,5.066394805908203e-13,-1.862645149230957e-15,-8.940696716308594e-14,-4.656612873077392e-15,4.3213367462158203e-13,-1.1920928955078124e-13,-7.068738341331482e-13,464501.7301396048,76001.25376383256,231.19467359501814,21972.446975508534,386.421594166795,45176.28101807645,24251.96291931416,632521.2910840983,5658.595314638308,1391.3968591543603,10.482955008276498,295.9551657991368,3.7957086813093177,597.2568871327511,271.4095485537968,8228.89243896794,5658.595314638308,1391.3968591543626,10.482955008276496,295.9551657991368,3.7957086813093177,597.2568871327511,271.4095485537974,8228.892438967941,0.0,-2.264976501464844e-12,9.313225746154785e-16,0.0,0.0,0.0,-5.960464477539063e-13,-2.8600916266441345e-12,2282078.526024688,298386.0627321374,730.1212348751676,89938.13217603753,1955.841247642966,185448.98159883165,95085.86761801434,2953623.532632227,2474.020588019127,610.1065579943125,4.202025112373464,129.43851789985806,1.6600582079976873,261.2138621576908,119.1860884050503,3599.8276977964106,2474.0205880191115,610.1065579943204,4.2020251123734775,129.43851789985837,1.6600582079976536,261.21386215769303,119.1860884050503,3599.827697796405,1.5676021575927734e-11,-7.74860382080078e-12,-1.3504177331924439e-14,-2.980232238769531e-13,3.3993273973464965e-14,-2.2351741790771482e-12,7.450580596923828e-15,5.422160029411317e-12,11631.277599275643,54896.610202724434,21438.943968771157,8916.305476423859,10123.301779359614,51059.058926281694
2034,537744.6258193684,83609.91788010373,268.8916001881988,23304.335155972192,435.9219122203157,47650.47574309,24726.40836099161,717740.5764719344,39129.95217625605,9649.340582760136,62.487335950816444,2068.2850371958007,26.25172544303988,4131.078280652038,1927.120600883054,56994.515739140916,39129.95217625605,9649.340582760136,62.487335950816444,2068.285037195801,26.25172544303988,4131.078280652038,1927.1206008830536,56994.515739140916,-4.76837158203125e-13,0.0,-1.862645149230957e-15,-5.066394805908203e-13,-1.8917489796876906e-15,1.0132789611816406e-12,3.5762786865234376e-13,3.836757969111203e-13,2529255.9467747784,400173.2443163021,1274.1119815308216,114445.28006500182,2070.9607445324855,234364.9718467855,123318.2757055968,3404902.7914345274,99563.22137576326,24715.820834093047,201.7318124866586,5417.616850168777,66.82044741747592,10514.826621687518,4645.949706599906,145125.98764821663,99563.22137576326,24715.820834093054,201.7318124866586,5417.61685016878,66.82044741747595,10514.826621687518,4645.949706599906,145125.98764821666,4.76837158203125e-13,-7.74860382080078e-12,2.7939677238464356e-15,-2.86102294921875e-12,-2.974411472678184e-14,-1.1920928955078132e-13,2.980232238769531e-13,-9.980925824493169e-12,959866.4771513636,131457.38624789534,343.62909411828633,39334.51195662756,832.7590455853618,81431.31299978329,42091.4826598675,1255357.559155241,10326.171074498723,2563.2242134984076,19.145224752337683,540.9907819927074,6.937841932847579,1091.7398493548476,484.39155310868847,15032.600539138559,10326.171074498685,2563.2242134984076,19.145224752337672,540.9907819927074,6.937841932847565,1091.7398493548508,484.39155310868847,15032.600539138522,3.743171691894531e-11,2.384185791015625e-13,1.0943040251731872e-14,7.450580596923828e-15,1.478474587202072e-14,-3.0696392059326167e-12,0.0,3.4633674658834936e-11,406961.00330328627,60789.60874799405,180.7841779891826,17652.404349699234,336.7176505117926,36203.18690076814,19028.16033720004,541151.8654674487,12628.800834818827,3127.6946288852914,24.090325290905476,663.356672683935,8.47542491844049,1333.6741091745178,599.5760074560278,18385.668003227947,12628.800834818829,3127.694628885291,24.090325290905483,663.3566726839351,8.475424918440494,1333.6741091745173,599.576007456028,18385.668003227947,-1.430511474609375e-12,5.066394805908203e-13,-1.862645149230957e-15,-8.940696716308594e-14,-4.656612873077392e-15,4.3213367462158203e-13,-1.1920928955078124e-13,-7.068738341331482e-13,464501.7301396048,76001.25376383256,231.19467359501814,21972.446975508534,386.421594166795,45176.28101807645,24251.96291931416,632521.2910840983,10524.285312050448,2577.1676978174237,16.493388736324043,550.663551332882,7.062656355344668,1111.2785088492242,518.5605569716661,15305.511672113313,10524.285312050448,2577.167697817426,16.49338873632404,550.663551332882,7.062656355344668,1111.2785088492242,518.5605569716666,15305.511672113313,0.0,-2.264976501464844e-12,9.313225746154785e-16,0.0,0.0,0.0,-5.960464477539063e-13,-2.8600916266441345e-12,2282078.526024688,298386.0627321374,730.1212348751676,89938.13217603753,1955.841247642966,185448.98159883165,95085.86761801434,2953623.532632227,4902.298434065414,1204.6148886656329,7.245730882400347,256.60239919549224,3.2910279319825304,517.8381240430912,242.15215476547712,7134.042759549491,4902.298434065398,1204.6148886656406,7.245730882400359,256.6023991954925,3.2910279319824967,517.8381240430933,242.15215476547712,7134.042759549486,1.5676021575927734e-11,-7.74860382080078e-12,-1.3504177331924439e-14,-2.980232238769531e-13,3.3993273973464965e-14,-2.2351741790771482e-12,7.450580596923828e-15,5.422160029411317e-12,11631.277599275643,54896.610202724434,21438.943968771157,8916.305476423859,10123.301779359614,51059.058926281694
2035,537744.6258193684,83609.91788010373,268.8916001881988,23304.335155972192,435.9219122203157,47650.47574309,24726.40836099161,717740.5764719344,70215.41471866496,17215.595177255174,94.10941764570443,3687.983893799781,47.02300286545287,7399.69973813936,3569.599728119979,102229.42567649041,70215.41471866496,17215.595177255174,94.10941764570443,3687.9838937997815,47.02300286545287,7399.69973813936,3569.599728119978,102229.42567649041,-4.76837158203125e-13,0.0,-1.862645149230957e-15,-5.066394805908203e-13,-1.8917489796876906e-15,1.0132789611816406e-12,3.5762786865234376e-13,3.836757969111203e-13,2529255.9467747784,400173.2443163021,1274.1119815308216,114445.28006500182,2070.9607445324855,234364.9718467855,123318.2757055968,3404902.7914345274,150300.39418891937,36968.00503029491,252.64796138275213,8060.457215763652,100.71645482800244,15848.299904798354,7331.979799291468,218862.5005552785,150300.39418891937,36968.00503029492,252.64796138275213,8060.457215763655,100.71645482800247,15848.299904798354,7331.979799291468,218862.5005552785,4.76837158203125e-13,-7.74860382080078e-12,2.7939677238464356e-15,-2.86102294921875e-12,-2.974411472678184e-14,-1.1920928955078132e-13,2.980232238769531e-13,-9.980925824493169e-12,959866.4771513636,131457.38624789534,343.62909411828633,39334.51195662756,832.7590455853618,81431.31299978329,42091.4826598675,1255357.559155241,11396.273578033291,2823.032232790209,20.22907638303802,596.7423267544207,7.653187925614784,1204.2512983540971,540.9758178968111,16589.157518137483,11396.273578033253,2823.032232790209,20.22907638303801,596.7423267544207,7.65318792561477,1204.2512983541003,540.9758178968111,16589.157518137446,3.743171691894531e-11,2.384185791015625e-13,1.0943040251731872e-14,7.450580596923828e-15,1.478474587202072e-14,-3.0696392059326167e-12,0.0,3.4633674658834936e-11,406961.00330328627,60789.60874799405,180.7841779891826,17652.404349699234,336.7176505117926,36203.18690076814,19028.16033720004,541151.8654674487,20858.57122643471,5131.369550511188,32.46514050599036,1092.1519230117087,13.974935914743128,2199.0142566422255,1034.3930313818744,30361.940064402443,20858.571226434713,5131.369550511187,32.46514050599037,1092.1519230117087,13.974935914743131,2199.014256642225,1034.3930313818746,30361.940064402443,-1.430511474609375e-12,5.066394805908203e-13,-1.862645149230957e-15,-8.940696716308594e-14,-4.656612873077392e-15,4.3213367462158203e-13,-1.1920928955078124e-13,-7.068738341331482e-13,464501.7301396048,76001.25376383256,231.19467359501814,21972.446975508534,386.421594166795,45176.28101807645,24251.96291931416,632521.2910840983,16424.716262285438,4000.167211698996,22.400913090030315,857.9942302895461,11.005184730754669,1731.5061215587273,831.0522573183149,23878.842180971806,16424.716262285438,4000.1672116989985,22.400913090030315,857.9942302895461,11.005184730754669,1731.5061215587273,831.0522573183155,23878.842180971806,0.0,-2.264976501464844e-12,9.313225746154785e-16,0.0,0.0,0.0,-5.960464477539063e-13,-2.8600916266441345e-12,2282078.526024688,298386.0627321374,730.1212348751676,89938.13217603753,1955.841247642966,185448.98159883165,95085.86761801434,2953623.532632227,7240.60821577277,1771.4619673622483,9.607804847339162,378.41840793481265,4.853738975812741,763.6738952958974,365.83527620264965,10534.45930639153,7240.608215772754,1771.461967362256,9.607804847339175,378.418407934813,4.853738975812707,763.6738952958997,365.83527620264965,10534.459306391525,1.5676021575927734e-11,-7.74860382080078e-12,-1.3504177331924439e-14,-2.980232238769531e-13,3.3993273973464965e-14,-2.2351741790771482e-12,7.450580596923828e-15,5.422160029411317e-12,11631.277599275643,54896.610202724434,21438.943968771157,8916.305476423859,10123.301779359614,51059.058926281694
2036,537744.6258193684,83609.91788010373,268.8916001881988,23304.335155972192,435.9219122203157,47650.47574309,24726.40836099161,717740.5764719344,70940.15567607513,17359.93665115267,94.61762922989546,3725.491856801254,47.50520812788933,7475.421584549582,3609.611282894427,103252.73988883084,70940.15567607513,17359.93665115267,94.61762922989546,3725.4918568012545,47.50520812788933,7475.421584549582,3609.611282894426,103252.73988883084,-4.76837158203125e-13,0.0,-1.862645149230957e-15,-5.066394805908203e-13,-1.8917489796876906e-15,1.0132789611816406e-12,3.5762786865234376e-13,3.836757969111203e-13,2529255.9467747784,400173.2443163021,1274.1119815308216,114445.28006500182,2070.9607445324855,234364.9718467855,123318.2757055968,3404902.7914345274,155265.50208506707,37955.43258954355,256.11517000916945,8317.323993172227,104.02061045528262,16366.928328059503,7606.174912894124,225871.4976892009,155265.50208506707,37955.432589543554,256.11517000916945,8317.32399317223,104.02061045528265,16366.928328059503,7606.174912894124,225871.4976892009,4.76837158203125e-13,-7.74860382080078e-12,2.7939677238464356e-15,-2.86102294921875e-12,-2.974411472678184e-14,-1.1920928955078132e-13,2.980232238769531e-13,-9.980925824493169e-12,959866.4771513636,131457.38624789534,343.62909411828633,39334.51195662756,832.7590455853618,81431.31299978329,42091.4826598675,1255357.559155241,11445.275241909125,2832.6230566055133,20.26216875811818,599.2753950022952,7.686579161453707,1209.369451515877,543.7065141142567,16658.19840706664,11445.275241909087,2832.6230566055133,20.262168758118168,599.2753950022952,7.686579161453693,1209.3694515158802,543.7065141142567,16658.198407066604,3.743171691894531e-11,2.384185791015625e-13,1.0943040251731872e-14,7.450580596923828e-15,1.478474587202072e-14,-3.0696392059326167e-12,0.0,3.4633674658834936e-11,406961.00330328627,60789.60874799405,180.7841779891826,17652.404349699234,336.7176505117926,36203.18690076814,19028.16033720004,541151.8654674487,21026.134209490603,5164.0550583609465,32.576126015782734,1100.7831711485285,14.087179677951543,2216.466173790756,1043.6939655852586,30597.79588406983,21026.134209490607,5164.055058360946,32.57612601578274,1100.7831711485285,14.087179677951546,2216.4661737907554,1043.6939655852589,30597.79588406983,-1.430511474609375e-12,5.066394805908203e-13,-1.862645149230957e-15,-8.940696716308594e-14,-4.656612873077392e-15,4.3213367462158203e-13,-1.1920928955078124e-13,-7.068738341331482e-13,464501.7301396048,76001.25376383256,231.19467359501814,21972.446975508534,386.421594166795,45176.28101807645,24251.96291931416,632521.2910840983,17070.810354460617,4128.213421930319,22.84803132132776,891.4146997262269,11.436731890281239,1798.9979276797435,866.8049593567783,24790.526126365294,17070.810354460617,4128.213421930321,22.84803132132776,891.4146997262269,11.436731890281239,1798.9979276797435,866.8049593567789,24790.526126365294,0.0,-2.264976501464844e-12,9.313225746154785e-16,0.0,0.0,0.0,-5.960464477539063e-13,-2.8600916266441345e-12,2282078.526024688,298386.0627321374,730.1212348751676,89938.13217603753,1955.841247642966,185448.98159883165,95085.86761801434,2953623.532632227,7382.595862967494,1799.4675181984694,9.705085829094857,385.75871465130024,4.949131205100559,778.5012510723031,373.7094613999348,10734.6870253237,7382.595862967479,1799.4675181984771,9.70508582909487,385.7587146513006,4.949131205100525,778.5012510723054,373.7094613999348,10734.687025323694,1.5676021575927734e-11,-7.74860382080078e-12,-1.3504177331924439e-14,-2.980232238769531e-13,3.3993273973464965e-14,-2.2351741790771482e-12,7.450580596923828e-15,5.422160029411317e-12,11631.277599275643,54896.610202724434,21438.943968771157,8916.305476423859,10123.301779359614,51059.058926281694
2037,537744.6258193684,83609.91788010373,268.8916001881988,23304.335155972192,435.9219122203157,47650.47574309,24726.40836099161,717740.5764719344,93975.28611817038,21969.681695543724,110.98411229681838,4919.072045277474,62.81399419826246,9884.163001620742,4880.025503440502,135802.0264705479,93975.28611817038,21969.681695543724,110.98411229681838,4919.072045277475,62.81399419826246,9884.163001620742,4880.025503440501,135802.0264705479,-4.76837158203125e-13,0.0,-1.862645149230957e-15,-5.066394805908203e-13,-1.8917489796876906e-15,1.0132789611816406e-12,3.5762786865234376e-13,3.836757969111203e-13,2529255.9467747784,400173.2443163021,1274.1119815308216,114445.28006500182,2070.9607445324855,234364.9718467855,123318.2757055968,3404902.7914345274,306422.1842275986,68201.44353914371,363.48051021050543,16149.401956542804,204.47882596624584,32172.82706664256,15942.83524754701,439456.65137365134,306422.1842275986,68201.44353914373,363.48051021050543,16149.401956542806,204.4788259662459,32172.82706664256,15942.83524754701,439456.65137365134,4.76837158203125e-13,-7.74860382080078e-12,2.7939677238464356e-15,-2.86102294921875e-12,-2.974411472678184e-14,-1.1920928955078132e-13,2.980232238769531e-13,-9.980925824493169e-12,959866.4771513636,131457.38624789534,343.62909411828633,39334.51195662756,832.7590455853618,81431.31299978329,42091.4826598675,1255357.559155241,12785.19714369715,3100.388094922213,21.21133420106117,668.6967313381956,8.578819337381821,1349.4771909084534,617.6592719150145,18551.208586319473,12785.197143697113,3100.388094922213,21.21133420106116,668.6967313381956,8.578819337381807,1349.4771909084566,617.6592719150145,18551.208586319437,3.743171691894531e-11,2.384185791015625e-13,1.0943040251731872e-14,7.450580596923828e-15,1.478474587202072e-14,-3.0696392059326167e-12,0.0,3.4633674658834936e-11,406961.00330328627,60789.60874799405,180.7841779891826,17652.404349699234,336.7176505117926,36203.18690076814,19028.16033720004,541151.8654674487,23595.217845108655,5676.660055828962,34.387178043402734,1233.8147559094768,15.796407152472264,2484.9934993018296,1185.4977105043513,34226.36745184915,23595.21784510866,5676.660055828961,34.38717804340274,1233.8147559094768,15.796407152472268,2484.993499301829,1185.4977105043515,34226.36745184915,-1.430511474609375e-12,5.066394805908203e-13,-1.862645149230957e-15,-8.940696716308594e-14,-4.656612873077392e-15,4.3213367462158203e-13,-1.1920928955078124e-13,-7.068738341331482e-13,464501.7301396048,76001.25376383256,231.19467359501814,21972.446975508534,386.421594166795,45176.28101807645,24251.96291931416,632521.2910840983,35803.23201959709,7875.52978373537,36.14452584153439,1862.0073165476483,23.88962163309035,3757.780040702518,1900.0965137165904,51258.67982177385,35803.23201959709,7875.529783735372,36.14452584153439,1862.0073165476483,23.88962163309035,3757.780040702518,1900.0965137165908,51258.67982177385,0.0,-2.264976501464844e-12,9.313225746154785e-16,0.0,0.0,0.0,-5.960464477539063e-13,-2.8600916266441345e-12,2282078.526024688,298386.0627321374,730.1212348751676,89938.13217603753,1955.841247642966,185448.98159883165,95085.86761801434,2953623.532632227,11288.153070983153,2580.43371533065,12.474929913528413,588.1088021945245,7.546752435869002,1186.8792319029808,589.1814375110396,16252.777940271748,11288.153070983139,2580.433715330658,12.474929913528424,588.108802194525,7.546752435868968,1186.879231902983,589.1814375110396,16252.777940271742,1.5676021575927734e-11,-7.74860382080078e-12,-1.3504177331924439e-14,-2.980232238769531e-13,3.3993273973464965e-14,-2.2351741790771482e-12,7.450580596923828e-15,5.422160029411317e-12,11631.277599275643,54896.610202724434,21438.943968771157,8916.305476423859,10123.301779359614,51059.058926281694
2038,537744.6258193684,83609.91788010373,268.8916001881988,23304.335155972192,435.9219122203157,47650.47574309,24726.40836099161,717740.5764719344,94295.92954874304,22031.164666133514,111.18633356706268,4935.525227635802,63.03012480779042,9917.471486025835,4897.895501124078,136252.2028880371,94295.92954874304,22031.164666133514,111.18633356706268,4935.525227635803,63.03012480779042,9917.471486025835,4897.895501124077,136252.2028880371,-4.76837158203125e-13,0.0,-1.862645149230957e-15,-5.066394805908203e-13,-1.8917489796876906e-15,1.0132789611816406e-12,3.5762786865234376e-13,3.836757969111203e-13,2529255.9467747784,400173.2443163021,1274.1119815308216,114445.28006500182,2070.9607445324855,234364.9718467855,123318.2757055968,3404902.7914345274,309281.9202105671,68750.27138092516,365.28621917659405,16296.160115431672,206.4033014532983,32469.925071280926,16102.157372809459,443472.1236716442,309281.9202105671,68750.27138092517,365.28621917659405,16296.160115431674,206.40330145329835,32469.925071280926,16102.157372809459,443472.1236716442,4.76837158203125e-13,-7.74860382080078e-12,2.7939677238464356e-15,-2.86102294921875e-12,-2.974411472678184e-14,-1.1920928955078132e-13,2.980232238769531e-13,-9.980925824493169e-12,959866.4771513636,131457.38624789534,343.62909411828633,39334.51195662756,832.7590455853618,81431.31299978329,42091.4826598675,1255357.559155241,12834.940785598828,3109.4019210278902,21.23931982220592,671.248489887245,8.615779968005596,1354.65333796908,620.5245826779553,18620.624216951215,12834.94078559879,3109.4019210278902,21.23931982220591,671.248489887245,8.615779968005581,1354.6533379690832,620.5245826779553,18620.62421695118,3.743171691894531e-11,2.384185791015625e-13,1.0943040251731872e-14,7.450580596923828e-15,1.478474587202072e-14,-3.0696392059326167e-12,0.0,3.4633674658834936e-11,406961.00330328627,60789.60874799405,180.7841779891826,17652.404349699234,336.7176505117926,36203.18690076814,19028.16033720004,541151.8654674487,23947.67054006416,5744.038022938823,34.60806530652978,1251.902055639191,16.03493711073839,2521.6162071003996,1205.1890299295953,34721.05885808944,23947.670540064162,5744.038022938822,34.60806530652979,1251.902055639191,16.034937110738394,2521.616207100399,1205.1890299295956,34721.05885808944,-1.430511474609375e-12,5.066394805908203e-13,-1.862645149230957e-15,-8.940696716308594e-14,-4.656612873077392e-15,4.3213367462158203e-13,-1.1920928955078124e-13,-7.068738341331482e-13,464501.7301396048,76001.25376383256,231.19467359501814,21972.446975508534,386.421594166795,45176.28101807645,24251.96291931416,632521.2910840983,36281.96627045712,7966.487031251018,36.439114509454605,1886.6091274931064,24.21761255880056,3807.6042590626785,1926.9991824696933,51930.322597801875,36281.96627045712,7966.48703125102,36.439114509454605,1886.6091274931064,24.21761255880056,3807.6042590626785,1926.9991824696938,51930.322597801875,0.0,-2.264976501464844e-12,9.313225746154785e-16,0.0,0.0,0.0,-5.960464477539063e-13,-2.8600916266441345e-12,2282078.526024688,298386.0627321374,730.1212348751676,89938.13217603753,1955.841247642966,185448.98159883165,95085.86761801434,2953623.532632227,11418.769846564517,2604.9016379097006,12.553391787858416,594.8122303840614,7.638404233959977,1200.4628999591116,596.5691211771625,16435.707532016375,11418.769846564503,2604.9016379097084,12.553391787858427,594.8122303840619,7.638404233959943,1200.4628999591139,596.5691211771625,16435.707532016368,1.5676021575927734e-11,-7.74860382080078e-12,-1.3504177331924439e-14,-2.980232238769531e-13,3.3993273973464965e-14,-2.2351741790771482e-12,7.450580596923828e-15,5.422160029411317e-12,11631.277599275643,54896.610202724434,21438.943968771157,8916.305476423859,10123.301779359614,51059.058926281694
2039,537744.6258193684,83609.91788010373,268.8916001881988,23304.335155972192,435.9219122203157,47650.47574309,24726.40836099161,717740.5764719344,94863.22304171853,22139.770628402825,111.54290369804342,4964.636471828546,63.41355915123085,9976.409442859827,4929.547436260829,137048.5434839198,94863.22304171853,22139.770628402825,111.54290369804342,4964.636471828547,63.41355915123085,9976.409442859827,4929.547436260828,137048.5434839198,-4.76837158203125e-13,0.0,-1.862645149230957e-15,-5.066394805908203e-13,-1.8917489796876906e-15,1.0132789611816406e-12,3.5762786865234376e-13,3.836757969111203e-13,2529255.9467747784,400173.2443163021,1274.1119815308216,114445.28006500182,2070.9607445324855,234364.9718467855,123318.2757055968,3404902.7914345274,314336.72921469295,69718.99044454485,368.46802767437913,16555.58563353301,209.81319337456983,32995.14122953822,16384.07170264815,450568.7994460061,314336.72921469295,69718.99044454486,368.46802767437913,16555.585633533014,209.8131933745699,32995.14122953822,16384.07170264815,450568.7994460061,4.76837158203125e-13,-7.74860382080078e-12,2.7939677238464356e-15,-2.86102294921875e-12,-2.974411472678184e-14,-1.1920928955078132e-13,2.980232238769531e-13,-9.980925824493169e-12,959866.4771513636,131457.38624789534,343.62909411828633,39334.51195662756,832.7590455853618,81431.31299978329,42091.4826598675,1255357.559155241,12929.506656398675,3126.4523617593572,21.29203538997333,676.0972963116433,8.686697762266979,1364.4909375468553,625.9807989362382,18752.50678410501,12929.506656398637,3126.4523617593572,21.292035389973318,676.0972963116433,8.686697762266965,1364.4909375468585,625.9807989362382,18752.506784104975,3.743171691894531e-11,2.384185791015625e-13,1.0943040251731872e-14,7.450580596923828e-15,1.478474587202072e-14,-3.0696392059326167e-12,0.0,3.4633674658834936e-11,406961.00330328627,60789.60874799405,180.7841779891826,17652.404349699234,336.7176505117926,36203.18690076814,19028.16033720004,541151.8654674487,24572.997943367507,5863.365492662797,34.9984585450285,1283.9950150201948,16.45940933046865,2586.6024933464237,1240.1716268403718,35598.59043911279,24572.99794336751,5863.365492662796,34.998458545028505,1283.9950150201948,16.459409330468652,2586.602493346423,1240.171626840372,35598.59043911279,-1.430511474609375e-12,5.066394805908203e-13,-1.862645149230957e-15,-8.940696716308594e-14,-4.656612873077392e-15,4.3213367462158203e-13,-1.1920928955078124e-13,-7.068738341331482e-13,464501.7301396048,76001.25376383256,231.19467359501814,21972.446975508534,386.421594166795,45176.28101807645,24251.96291931416,632521.2910840983,37140.934966861474,8129.35330969258,36.9652939539943,1930.7553112612966,24.80827020789847,3897.0173490747347,1975.3382283418437,53135.172729393824,37140.934966861474,8129.353309692582,36.9652939539943,1930.7553112612966,24.80827020789847,3897.0173490747347,1975.3382283418441,53135.172729393824,0.0,-2.264976501464844e-12,9.313225746154785e-16,0.0,0.0,0.0,-5.960464477539063e-13,-2.8600916266441345e-12,2282078.526024688,298386.0627321374,730.1212348751676,89938.13217603753,1955.841247642966,185448.98159883165,95085.86761801434,2953623.532632227,11657.030908445686,2649.364271696466,12.695456806556141,607.037086218248,7.806729220243833,1225.2392646421279,610.0684221100115,16769.242139139344,11657.030908445671,2649.3642716964737,12.695456806556152,607.0370862182484,7.806729220243799,1225.2392646421301,610.0684221100115,16769.242139139336,1.5676021575927734e-11,-7.74860382080078e-12,-1.3504177331924439e-14,-2.980232238769531e-13,3.3993273973464965e-14,-2.2351741790771482e-12,7.450580596923828e-15,5.422160029411317e-12,11631.277599275643,54896.610202724434,21438.943968771157,8916.305476423859,10123.301779359614,51059.058926281694
2040,537744.6258193684,83609.91788010373,268.8916001881988,23304.335155972192,435.9219122203157,47650.47574309,24726.40836099161,717740.5764719344,111594.97036545494,25394.119737290253,122.4432504323691,5822.195976413152,74.43012907693172,11711.354264547133,5851.059211145298,160570.57293436004,111594.97036545494,25394.119737290253,122.4432504323691,5822.1959764131525,74.43012907693172,11711.354264547133,5851.059211145297,160570.57293436004,-4.76837158203125e-13,0.0,-1.862645149230957e-15,-5.066394805908203e-13,-1.8917489796876906e-15,1.0132789611816406e-12,3.5762786865234376e-13,3.836757969111203e-13,2529255.9467747784,400173.2443163021,1274.1119815308216,114445.28006500182,2070.9607445324855,234364.9718467855,123318.2757055968,3404902.7914345274,463634.22961899225,98759.66308061471,465.74204803434384,24207.658172982472,308.1000329227636,48476.169621424975,24606.47489986045,660458.0374748319,463634.22961899225,98759.66308061473,465.74204803434384,24207.658172982476,308.10003292276366,48476.169621424975,24606.47489986045,660458.0374748319,4.76837158203125e-13,-7.74860382080078e-12,2.7939677238464356e-15,-2.86102294921875e-12,-2.974411472678184e-14,-1.1920928955078132e-13,2.980232238769531e-13,-9.980925824493169e-12,959866.4771513636,131457.38624789534,343.62909411828633,39334.51195662756,832.7590455853618,81431.31299978329,42091.4826598675,1255357.559155241,14202.944785299642,3371.716534571165,22.10597459472908,741.3595692017458,9.541130766201476,1496.5744691779166,696.5379229818525,20540.780386593255,14202.944785299604,3371.716534571165,22.10597459472907,741.3595692017458,9.541130766201462,1496.5744691779198,696.5379229818525,20540.78038659322,3.743171691894531e-11,2.384185791015625e-13,1.0943040251731872e-14,7.450580596923828e-15,1.478474587202072e-14,-3.0696392059326167e-12,0.0,3.4633674658834936e-11,406961.00330328627,60789.60874799405,180.7841779891826,17652.404349699234,336.7176505117926,36203.18690076814,19028.16033720004,541151.8654674487,42461.254550368445,9341.812573163512,46.64639985882005,2200.8389323572565,28.24150900624194,4441.511474429228,2225.5802443680386,60745.88568355155,42461.25455036845,9341.812573163512,46.646399858820054,2200.8389323572565,28.241509006241948,4441.511474429228,2225.5802443680386,60745.88568355155,-1.430511474609375e-12,5.066394805908203e-13,-1.862645149230957e-15,-8.940696716308594e-14,-4.656612873077392e-15,4.3213367462158203e-13,-1.1920928955078124e-13,-7.068738341331482e-13,464501.7301396048,76001.25376383256,231.19467359501814,21972.446975508534,386.421594166795,45176.28101807645,24251.96291931416,632521.2910840983,57788.21265832851,12141.329389128396,50.383679880181255,2989.1402525261838,38.427673819333975,6038.346194453973,3113.4936945129602,82159.33354264955,57788.21265832851,12141.329389128397,50.383679880181255,2989.1402525261838,38.427673819333975,6038.346194453973,3113.493694512961,82159.33354264955,0.0,-2.264976501464844e-12,9.313225746154785e-16,0.0,0.0,0.0,-5.960464477539063e-13,-2.8600916266441345e-12,2282078.526024688,298386.0627321374,730.1212348751676,89938.13217603753,1955.841247642966,185448.98159883165,95085.86761801434,2953623.532632227,16829.750632047722,3652.7933815673778,16.04739201268665,872.1535021226308,11.229395586527609,1761.6637755812494,895.439162273487,24039.077241191684,16829.750632047708,3652.7933815673855,16.04739201268666,872.1535021226313,11.229395586527575,1761.6637755812517,895.439162273487,24039.077241191677,1.5676021575927734e-11,-7.74860382080078e-12,-1.3504177331924439e-14,-2.980232238769531e-13,3.3993273973464965e-14,-2.2351741790771482e-12,7.450580596923828e-15,5.422160029411317e-12,11631.277599275643,54896.610202724434,21438.943968771157,8916.305476423859,10123.301779359614,51059.058926281694
2041,537744.6258193684,83609.91788010373,268.8916001881988,23304.335155972192,435.9219122203157,47650.47574309,24726.40836099161,717740.5764719344,111972.63942692481,25461.16489890187,122.64185887501243,5841.668310327769,74.71603571728156,11750.905172903385,5873.32736978411,161097.0630734342,111972.63942692481,25461.16489890187,122.64185887501243,5841.66831032777,74.71603571728156,11750.905172903385,5873.327369784109,161097.0630734342,-4.76837158203125e-13,0.0,-1.862645149230957e-15,-5.066394805908203e-13,-1.8917489796876906e-15,1.0132789611816406e-12,3.5762786865234376e-13,3.836757969111203e-13,2529255.9467747784,400173.2443163021,1274.1119815308216,114445.28006500182,2070.9607445324855,234364.9718467855,123318.2757055968,3404902.7914345274,466946.49948854354,99350.8399680625,467.49725609934484,24378.575180543874,310.58495478363983,48823.29800927485,24801.496924197443,665078.7917815051,466946.49948854354,99350.83996806252,467.49725609934484,24378.575180543878,310.5849547836399,48823.29800927485,24801.496924197443,665078.7917815051,4.76837158203125e-13,-7.74860382080078e-12,2.7939677238464356e-15,-2.86102294921875e-12,-2.974411472678184e-14,-1.1920928955078132e-13,2.980232238769531e-13,-9.980925824493169e-12,959866.4771513636,131457.38624789534,343.62909411828633,39334.51195662756,832.7590455853618,81431.31299978329,42091.4826598675,1255357.559155241,14433.977477569368,3411.5301876416215,22.223198748603142,753.1878049719078,9.72704665086099,1520.6143858973253,710.1525137996972,20861.412615279387,14433.97747756933,3411.5301876416215,22.22319874860313,753.1878049719078,9.727046650860975,1520.6143858973285,710.1525137996972,20861.41261527935,3.743171691894531e-11,2.384185791015625e-13,1.0943040251731872e-14,7.450580596923828e-15,1.478474587202072e-14,-3.0696392059326167e-12,0.0,3.4633674658834936e-11,406961.00330328627,60789.60874799405,180.7841779891826,17652.404349699234,336.7176505117926,36203.18690076814,19028.16033720004,541151.8654674487,42933.33451117656,9425.25170230465,46.89268605894205,2225.175242170986,28.599460760467913,4490.958521565937,2253.5142274248165,61403.72635146236,42933.33451117657,9425.25170230465,46.892686058942054,2225.175242170986,28.59946076046792,4490.958521565937,2253.5142274248165,61403.72635146236,-1.430511474609375e-12,5.066394805908203e-13,-1.862645149230957e-15,-8.940696716308594e-14,-4.656612873077392e-15,4.3213367462158203e-13,-1.1920928955078124e-13,-7.068738341331482e-13,464501.7301396048,76001.25376383256,231.19467359501814,21972.446975508534,386.421594166795,45176.28101807645,24251.96291931416,632521.2910840983,58813.533784396524,12325.71910171466,50.934370143115416,3042.0798288637357,39.19383176121223,6145.802786237611,3173.543055338781,83590.80675845564,58813.533784396524,12325.719101714662,50.934370143115416,3042.0798288637357,39.19383176121223,6145.802786237611,3173.543055338782,83590.80675845564,0.0,-2.264976501464844e-12,9.313225746154785e-16,0.0,0.0,0.0,-5.960464477539063e-13,-2.8600916266441345e-12,2282078.526024688,298386.0627321374,730.1212348751676,89938.13217603753,1955.841247642966,185448.98159883165,95085.86761801434,2953623.532632227,17187.40293327836,3715.2902095868994,16.231990282934905,890.4964921302374,11.508746145519842,1798.9434285513523,916.4606185606061,24536.334418535913,17187.402933278347,3715.290209586907,16.231990282934916,890.4964921302378,11.508746145519808,1798.9434285513546,916.4606185606061,24536.334418535906,1.5676021575927734e-11,-7.74860382080078e-12,-1.3504177331924439e-14,-2.980232238769531e-13,3.3993273973464965e-14,-2.2351741790771482e-12,7.450580596923828e-15,5.422160029411317e-12,11631.277599275643,54896.610202724434,21438.943968771157,8916.305476423859,10123.301779359614,51059.058926281694
2042,537744.6258193684,83609.91788010373,268.8916001881988,23304.335155972192,435.9219122203157,47650.47574309,24726.40836099161,717740.5764719344,112643.42337118785,25580.087095762086,122.9940946732062,5876.240414030396,75.22530118372028,11821.12972964688,5912.8737850535945,162031.9737915377,112643.42337118785,25580.087095762086,122.9940946732062,5876.240414030397,75.22530118372028,11821.12972964688,5912.873785053594,162031.9737915377,-4.76837158203125e-13,0.0,-1.862645149230957e-15,-5.066394805908203e-13,-1.8917489796876906e-15,1.0132789611816406e-12,3.5762786865234376e-13,3.836757969111203e-13,2529255.9467747784,400173.2443163021,1274.1119815308216,114445.28006500182,2070.9607445324855,234364.9718467855,123318.2757055968,3404902.7914345274,472800.0668296548,100394.36474237032,470.59500957119536,24680.535037378875,314.98718978019735,49436.60566058357,25146.146693478004,673243.3011628169,472800.0668296548,100394.36474237034,470.59500957119536,24680.53503737888,314.9871897801974,49436.60566058357,25146.146693478004,673243.3011628169,4.76837158203125e-13,-7.74860382080078e-12,2.7939677238464356e-15,-2.86102294921875e-12,-2.974411472678184e-14,-1.1920928955078132e-13,2.980232238769531e-13,-9.980925824493169e-12,959866.4771513636,131457.38624789534,343.62909411828633,39334.51195662756,832.7590455853618,81431.31299978329,42091.4826598675,1255357.559155241,14860.8485611972,3484.9437129942476,22.43945735058693,775.020568256092,10.07227130444546,1564.9964018287926,735.277712145284,21453.59868507665,14860.848561197161,3484.9437129942476,22.43945735058692,775.020568256092,10.072271304445445,1564.9964018287958,735.277712145284,21453.598685076613,3.743171691894531e-11,2.384185791015625e-13,1.0943040251731872e-14,7.450580596923828e-15,1.478474587202072e-14,-3.0696392059326167e-12,0.0,3.4633674658834936e-11,406961.00330328627,60789.60874799405,180.7841779891826,17652.404349699234,336.7176505117926,36203.18690076814,19028.16033720004,541151.8654674487,43771.966864943475,9573.31738538559,47.329707557285204,2268.39462458414,29.236859028217417,4578.776901513755,2303.1332757885048,62572.15561880097,43771.96686494348,9573.31738538559,47.32970755728521,2268.39462458414,29.236859028217424,4578.776901513755,2303.1332757885048,62572.15561880097,-1.430511474609375e-12,5.066394805908203e-13,-1.862645149230957e-15,-8.940696716308594e-14,-4.656612873077392e-15,4.3213367462158203e-13,-1.1920928955078124e-13,-7.068738341331482e-13,464501.7301396048,76001.25376383256,231.19467359501814,21972.446975508534,386.421594166795,45176.28101807645,24251.96291931416,632521.2910840983,60622.99898626877,12650.680807816243,51.90470415075017,3135.4776747506116,40.550013747452994,6335.389520729445,3279.5225954469283,86116.5243029102,60622.99898626877,12650.680807816245,51.90470415075017,3135.4776747506116,40.550013747452994,6335.389520729445,3279.5225954469292,86116.5243029102,0.0,-2.264976501464844e-12,9.313225746154785e-16,0.0,0.0,0.0,-5.960464477539063e-13,-2.8600916266441345e-12,2282078.526024688,298386.0627321374,730.1212348751676,89938.13217603753,1955.841247642966,185448.98159883165,95085.86761801434,2953623.532632227,17836.825270737616,3828.489507768187,16.566343181209007,923.7638490872176,12.01851758896449,1866.5679223804887,954.5854062987123,25438.816817042396,17836.8252707376,3828.489507768195,16.566343181209017,923.7638490872181,12.018517588964457,1866.567922380491,954.5854062987123,25438.81681704239,1.5676021575927734e-11,-7.74860382080078e-12,-1.3504177331924439e-14,-2.980232238769531e-13,3.3993273973464965e-14,-2.2351741790771482e-12,7.450580596923828e-15,5.422160029411317e-12,11631.277599275643,54896.610202724434,21438.943968771157,8916.305476423859,10123.301779359614,51059.058926281694
2043,537744.6258193684,83609.91788010373,268.8916001881988,23304.335155972192,435.9219122203157,47650.47574309,24726.40836099161,717740.5764719344,128210.5830240323,28448.264279733932,131.65186650444858,6682.5728653236965,86.4166594202083,13456.756310891971,6816.560545126395,183832.8055510329,128210.5830240323,28448.264279733932,131.65186650444858,6682.572865323697,86.4166594202083,13456.756310891971,6816.560545126395,183832.8055510329,-4.76837158203125e-13,0.0,-1.862645149230957e-15,-5.066394805908203e-13,-1.8917489796876906e-15,1.0132789611816406e-12,3.5762786865234376e-13,3.836757969111203e-13,2529255.9467747784,400173.2443163021,1274.1119815308216,114445.28006500182,2070.9607445324855,234364.9718467855,123318.2757055968,3404902.7914345274,629921.2717578924,129366.17412734573,558.0773197916258,32819.94668964493,427.7917048098746,65946.86063373907,34264.88362400463,893305.0058572283,629921.2717578924,129366.17412734574,558.0773197916258,32819.94668964494,427.79170480987466,65946.86063373907,34264.88362400463,893305.0058572283,4.76837158203125e-13,-7.74860382080078e-12,2.7939677238464356e-15,-2.86102294921875e-12,-2.974411472678184e-14,-1.1920928955078132e-13,2.980232238769531e-13,-9.980925824493169e-12,959866.4771513636,131457.38624789534,343.62909411828633,39334.51195662756,832.7590455853618,81431.31299978329,42091.4826598675,1255357.559155241,18340.876759521623,4117.977553104731,24.343119718486946,954.7922475385958,12.63711251557433,1929.816069771614,937.6632268577744,26318.1060890284,18340.876759521587,4117.977553104731,24.343119718486935,954.7922475385958,12.637112515574316,1929.816069771617,937.6632268577744,26318.106089028362,3.743171691894531e-11,2.384185791015625e-13,1.0943040251731872e-14,7.450580596923828e-15,1.478474587202072e-14,-3.0696392059326167e-12,0.0,3.4633674658834936e-11,406961.00330328627,60789.60874799405,180.7841779891826,17652.404349699234,336.7176505117926,36203.18690076814,19028.16033720004,541151.8654674487,59703.575325441314,12505.601811854489,56.17560413778051,3093.525310910867,40.702955655841265,6252.626271843415,3228.539437412181,84880.7467172559,59703.57532544132,12505.601811854489,56.17560413778052,3093.525310910867,40.70295565584127,6252.626271843415,3228.539437412181,84880.7467172559,-1.430511474609375e-12,5.066394805908203e-13,-1.862645149230957e-15,-8.940696716308594e-14,-4.656612873077392e-15,4.3213367462158203e-13,-1.1920928955078124e-13,-7.068738341331482e-13,464501.7301396048,76001.25376383256,231.19467359501814,21972.446975508534,386.421594166795,45176.28101807645,24251.96291931416,632521.2910840983,121810.38097090322,23942.59396313021,86.01878069005132,6305.490999836088,84.44126337289066,12765.227440562783,6828.9364995370615,171823.08991803232,121810.38097090322,23942.59396313021,86.01878069005132,6305.490999836088,84.44126337289066,12765.227440562783,6828.936499537062,171823.08991803232,0.0,-2.264976501464844e-12,9.313225746154785e-16,0.0,0.0,0.0,-5.960464477539063e-13,-2.8600916266441345e-12,2282078.526024688,298386.0627321374,730.1212348751676,89938.13217603753,1955.841247642966,185448.98159883165,95085.86761801434,2953623.532632227,28296.680996483934,5749.103979083715,22.358437831540975,1465.026342794768,19.586976742827535,2964.6734054084936,1561.7776289531091,40079.20776729839,28296.68099648392,5749.103979083722,22.358437831540982,1465.0263427947684,19.5869767428275,2964.6734054084964,1561.7776289531091,40079.20776729839,1.5676021575927734e-11,-7.74860382080078e-12,-1.3504177331924439e-14,-2.980232238769531e-13,3.3993273973464965e-14,-2.2351741790771482e-12,7.450580596923828e-15,5.422160029411317e-12,11631.277599275643,54896.610202724434,21438.943968771157,8916.305476423859,10123.301779359614,51059.058926281694
2044,537744.6258193684,83609.91788010373,268.8916001881988,23304.335155972192,435.9219122203157,47650.47574309,24726.40836099161,717740.5764719344,157975.2784345037,33614.31727329466,146.64988762043347,8216.140602125362,109.14113365603548,16576.419516164573,8603.434545590622,225241.38139295537,157975.2784345037,33614.31727329466,146.64988762043347,8216.140602125364,109.14113365603548,16576.419516164573,8603.434545590622,225241.38139295537,-4.76837158203125e-13,0.0,-1.862645149230957e-15,-5.066394805908203e-13,-1.8917489796876906e-15,1.0132789611816406e-12,3.5762786865234376e-13,3.836757969111203e-13,2529255.9467747784,400173.2443163021,1274.1119815308216,114445.28006500182,2070.9607445324855,234364.9718467855,123318.2757055968,3404902.7914345274,869527.6698492126,170956.28640846472,678.8181546937773,45165.6335913144,610.667872939923,91061.27719309629,48650.27079912108,1226650.6238688428,869527.6698492126,170956.28640846474,678.8181546937773,45165.63359131441,610.667872939923,91061.27719309629,48650.27079912108,1226650.6238688428,4.76837158203125e-13,-7.74860382080078e-12,2.7939677238464356e-15,-2.86102294921875e-12,-2.974411472678184e-14,-1.1920928955078132e-13,2.980232238769531e-13,-9.980925824493169e-12,959866.4771513636,131457.38624789534,343.62909411828633,39334.51195662756,832.7590455853618,81431.31299978329,42091.4826598675,1255357.559155241,37259.913933899996,7398.187210084304,33.87149492769826,1929.0197511340311,27.137863805656995,3911.683221807009,2072.305771560391,52632.11924721909,37259.91393389996,7398.187210084304,33.871494927698244,1929.0197511340311,27.13786380565698,3911.683221807012,2072.305771560391,52632.119247219045,3.743171691894531e-11,2.384185791015625e-13,1.0943040251731872e-14,7.450580596923828e-15,1.478474587202072e-14,-3.0696392059326167e-12,0.0,3.4633674658834936e-11,406961.00330328627,60789.60874799405,180.7841779891826,17652.404349699234,336.7176505117926,36203.18690076814,19028.16033720004,541151.8654674487,105027.05700315222,20373.158203430063,79.01525519742626,5428.87485861273,75.28704621123697,11003.346360333191,5949.7924926129945,147936.53121954988,105027.05700315224,20373.158203430063,79.01525519742626,5428.87485861273,75.28704621123698,11003.346360333191,5949.7924926129945,147936.53121954988,-1.430511474609375e-12,5.066394805908203e-13,-1.862645149230957e-15,-8.940696716308594e-14,-4.656612873077392e-15,4.3213367462158203e-13,-1.1920928955078124e-13,-7.068738341331482e-13,464501.7301396048,76001.25376383256,231.19467359501814,21972.446975508534,386.421594166795,45176.28101807645,24251.96291931416,632521.2910840983,168301.284311971,32009.852917188487,109.44409661857345,8700.680673696144,119.97559996347056,17637.528281503994,9619.435821931886,236498.20170287357,168301.284311971,32009.852917188487,109.44409661857345,8700.680673696144,119.97559996347056,17637.528281503994,9619.435821931887,236498.20170287357,0.0,-2.264976501464844e-12,9.313225746154785e-16,0.0,0.0,0.0,-5.960464477539063e-13,-2.8600916266441345e-12,2282078.526024688,298386.0627321374,730.1212348751676,89938.13217603753,1955.841247642966,185448.98159883165,95085.86761801434,2953623.532632227,56122.38167770408,10574.698835662131,36.37154096885213,2897.924105130118,40.87988529308663,5879.687257735542,3230.8236724612507,78782.76697495506,56122.38167770406,10574.698835662139,36.371540968852145,2897.924105130118,40.8798852930866,5879.687257735544,3230.8236724612507,78782.76697495506,1.5676021575927734e-11,-7.74860382080078e-12,-1.3504177331924439e-14,-2.980232238769531e-13,3.3993273973464965e-14,-2.2351741790771482e-12,7.450580596923828e-15,5.422160029411317e-12,11631.277599275643,54896.610202724434,21438.943968771157,8916.305476423859,10123.301779359614,51059.058926281694
2045,537744.6258193684,83609.91788010373,268.8916001881988,23304.335155972192,435.9219122203157,47650.47574309,24726.40836099161,717740.5764719344,158548.4675081937,33709.83076732643,146.93443712773845,8245.113005220612,109.64825555617793,16635.319773013533,8636.610411990778,226031.92415842894,158548.4675081937,33709.83076732643,146.93443712773845,8245.113005220614,109.64825555617793,16635.319773013533,8636.610411990778,226031.92415842894,-4.76837158203125e-13,0.0,-1.862645149230957e-15,-5.066394805908203e-13,-1.8917489796876906e-15,1.0132789611816406e-12,3.5762786865234376e-13,3.836757969111203e-13,2529255.9467747784,400173.2443163021,1274.1119815308216,114445.28006500182,2070.9607445324855,234364.9718467855,123318.2757055968,3404902.7914345274,873295.3118039031,171584.3137981661,680.6946961697647,45356.102304756394,614.0030989784892,91448.70928754502,48868.42464925935,1231847.5596387782,873295.3118039031,171584.31379816614,680.6946961697647,45356.1023047564,614.0030989784892,91448.70928754502,48868.42464925935,1231847.5596387782,4.76837158203125e-13,-7.74860382080078e-12,2.7939677238464356e-15,-2.86102294921875e-12,-2.974411472678184e-14,-1.1920928955078132e-13,2.980232238769531e-13,-9.980925824493169e-12,959866.4771513636,131457.38624789534,343.62909411828633,39334.51195662756,832.7590455853618,81431.31299978329,42091.4826598675,1255357.559155241,38456.27726513479,7596.931802096196,34.463009620657594,1989.2694353100499,28.198485967584322,4034.3602006769324,2141.226088621691,54280.72628742791,38456.277265134755,7596.931802096196,34.46300962065758,1989.2694353100499,28.198485967584308,4034.3602006769356,2141.226088621691,54280.72628742787,3.743171691894531e-11,2.384185791015625e-13,1.0943040251731872e-14,7.450580596923828e-15,1.478474587202072e-14,-3.0696392059326167e-12,0.0,3.4633674658834936e-11,406961.00330328627,60789.60874799405,180.7841779891826,17652.404349699234,336.7176505117926,36203.18690076814,19028.16033720004,541151.8654674487,105617.71892588529,20471.609978725024,79.30972005172369,5458.738870235813,75.80940176500592,11064.074884658567,5983.995658750174,148751.2574400716,105617.7189258853,20471.609978725024,79.30972005172369,5458.738870235813,75.80940176500593,11064.074884658567,5983.995658750174,148751.2574400716,-1.430511474609375e-12,5.066394805908203e-13,-1.862645149230957e-15,-8.940696716308594e-14,-4.656612873077392e-15,4.3213367462158203e-13,-1.1920928955078124e-13,-7.068738341331482e-13,464501.7301396048,76001.25376383256,231.19467359501814,21972.446975508534,386.421594166795,45176.28101807645,24251.96291931416,632521.2910840983,169798.5710311869,32260.292942332595,110.19088849628284,8776.670268346656,121.29798135162908,17791.854905188888,9706.517504186475,238565.39552108946,169798.5710311869,32260.292942332595,110.19088849628284,8776.670268346656,121.29798135162908,17791.854905188888,9706.517504186477,238565.39552108946,0.0,-2.264976501464844e-12,9.313225746154785e-16,0.0,0.0,0.0,-5.960464477539063e-13,-2.8600916266441345e-12,2282078.526024688,298386.0627321374,730.1212348751676,89938.13217603753,1955.841247642966,185448.98159883165,95085.86761801434,2953623.532632227,57374.48086940012,10780.818560891199,36.983168920288755,2960.4062573934993,41.99082294293356,6007.06992110117,3302.0929975129993,80503.84259816221,57374.480869400104,10780.818560891206,36.98316892028877,2960.4062573934993,41.990822942933534,6007.069921101172,3302.0929975129993,80503.84259816221,1.5676021575927734e-11,-7.74860382080078e-12,-1.3504177331924439e-14,-2.980232238769531e-13,3.3993273973464965e-14,-2.2351741790771482e-12,7.450580596923828e-15,5.422160029411317e-12,11631.277599275643,54896.610202724434,21438.943968771157,8916.305476423859,10123.301779359614,51059.058926281694
2046,537744.6258193684,83609.91788010373,268.8916001881988,23304.335155972192,435.9219122203157,47650.47574309,24726.40836099161,717740.5764719344,177526.66918824945,36898.374644800046,156.36621562293848,9213.769767293306,126.31223097508195,18595.289661835108,9746.634350368045,252263.41605914396,177526.66918824945,36898.374644800046,156.36621562293848,9213.769767293308,126.31223097508195,18595.289661835108,9746.634350368045,252263.41605914396,-4.76837158203125e-13,0.0,-1.862645149230957e-15,-5.066394805908203e-13,-1.8917489796876906e-15,1.0132789611816406e-12,3.5762786865234376e-13,3.836757969111203e-13,2529255.9467747784,400173.2443163021,1274.1119815308216,114445.28006500182,2070.9607445324855,234364.9718467855,123318.2757055968,3404902.7914345274,993451.066590113,191771.93749866157,740.4219196810473,51488.87823560024,719.5117593283829,103858.22010415986,55896.31878912916,1397926.3548966732,993451.066590113,191771.93749866163,740.4219196810473,51488.87823560025,719.5117593283829,103858.22010415986,55896.31878912916,1397926.3548966732,4.76837158203125e-13,-7.74860382080078e-12,2.7939677238464356e-15,-2.86102294921875e-12,-2.974411472678184e-14,-1.1920928955078132e-13,2.980232238769531e-13,-9.980925824493169e-12,959866.4771513636,131457.38624789534,343.62909411828633,39334.51195662756,832.7590455853618,81431.31299978329,42091.4826598675,1255357.559155241,75946.64113441428,13894.384382206124,53.09048324103486,3902.3131834254355,61.122226354346,7905.613258546492,4333.326179461749,106096.49084764949,75946.64113441424,13894.384382206124,53.090483241034846,3902.3131834254355,61.12222635434598,7905.613258546495,4333.326179461749,106096.49084764943,3.743171691894531e-11,2.384185791015625e-13,1.0943040251731872e-14,7.450580596923828e-15,1.478474587202072e-14,-3.0696392059326167e-12,0.0,3.4633674658834936e-11,406961.00330328627,60789.60874799405,180.7841779891826,17652.404349699234,336.7176505117926,36203.18690076814,19028.16033720004,541151.8654674487,124363.45481837305,23621.111420284124,88.62839216162749,6415.533206381598,92.26890547009997,13000.085949158512,7080.435940567142,174661.51863239615,124363.45481837305,23621.111420284124,88.62839216162749,6415.533206381598,92.26890547009998,13000.085949158512,7080.435940567142,174661.51863239615,-1.430511474609375e-12,5.066394805908203e-13,-1.862645149230957e-15,-8.940696716308594e-14,-4.656612873077392e-15,4.3213367462158203e-13,-1.1920928955078124e-13,-7.068738341331482e-13,464501.7301396048,76001.25376383256,231.19467359501814,21972.446975508534,386.421594166795,45176.28101807645,24251.96291931416,632521.2910840983,221256.8161181977,40907.91537534675,135.77165736892715,11403.812590832787,166.47550337304565,23107.202203684785,12717.204045782528,309695.1974945865,221256.8161181977,40907.91537534675,135.77165736892715,11403.812590832787,166.47550337304565,23107.202203684785,12717.20404578253,309695.1974945865,0.0,-2.264976501464844e-12,9.313225746154785e-16,0.0,0.0,0.0,-5.960464477539063e-13,-2.8600916266441345e-12,2282078.526024688,298386.0627321374,730.1212348751676,89938.13217603753,1955.841247642966,185448.98159883165,95085.86761801434,2953623.532632227,93715.19432904042,16881.10488752555,55.02430765286836,4813.529986635752,73.90823941596537,9757.485258387349,5425.118633895985,130721.36564255391,93715.19432904042,16881.10488752556,55.02430765286837,4813.529986635752,73.90823941596534,9757.485258387353,5425.118633895985,130721.36564255391,1.5676021575927734e-11,-7.74860382080078e-12,-1.3504177331924439e-14,-2.980232238769531e-13,3.3993273973464965e-14,-2.2351741790771482e-12,7.450580596923828e-15,5.422160029411317e-12,11631.277599275643,54896.610202724434,21438.943968771157,8916.305476423859,10123.301779359614,51059.058926281694
2047,537744.6258193684,83609.91788010373,268.8916001881988,23304.335155972192,435.9219122203157,47650.47574309,24726.40836099161,717740.5764719344,177948.01422935392,36965.941368184904,156.5740941721706,9234.116838574702,126.69853747010451,18637.595828068148,9769.861793181824,252838.80268900577,177948.01422935392,36965.941368184904,156.5740941721706,9234.116838574704,126.69853747010451,18637.595828068148,9769.861793181824,252838.80268900577,-4.76837158203125e-13,0.0,-1.862645149230957e-15,-5.066394805908203e-13,-1.8917489796876906e-15,1.0132789611816406e-12,3.5762786865234376e-13,3.836757969111203e-13,2529255.9467747784,400173.2443163021,1274.1119815308216,114445.28006500182,2070.9607445324855,234364.9718467855,123318.2757055968,3404902.7914345274,996610.6760557459,192282.9974781059,742.0065417790373,51642.86591180832,722.3970742381927,104177.87169122424,56072.39910625508,1402251.2138591567,996610.6760557459,192282.99747810597,742.0065417790373,51642.86591180833,722.3970742381927,104177.87169122424,56072.39910625508,1402251.2138591567,4.76837158203125e-13,-7.74860382080078e-12,2.7939677238464356e-15,-2.86102294921875e-12,-2.974411472678184e-14,-1.1920928955078132e-13,2.980232238769531e-13,-9.980925824493169e-12,959866.4771513636,131457.38624789534,343.62909411828633,39334.51195662756,832.7590455853618,81431.31299978329,42091.4826598675,1255357.559155241,77018.48069273063,14065.65103866198,53.61214270271381,3953.8482808935323,62.104891795712156,8012.904266266026,4391.960975984371,107558.56228903499,77018.48069273059,14065.65103866198,53.6121427027138,3953.8482808935323,62.10489179571214,8012.904266266029,4391.960975984371,107558.56228903493,3.743171691894531e-11,2.384185791015625e-13,1.0943040251731872e-14,7.450580596923828e-15,1.478474587202072e-14,-3.0696392059326167e-12,0.0,3.4633674658834936e-11,406961.00330328627,60789.60874799405,180.7841779891826,17652.404349699234,336.7176505117926,36203.18690076814,19028.16033720004,541151.8654674487,124861.58807459463,23701.719382259245,88.87910905096729,6439.84535781058,92.72118889245858,13050.455452315002,7108.226808611702,175343.4353735346,124861.58807459463,23701.719382259245,88.87910905096729,6439.84535781058,92.7211888924586,13050.455452315002,7108.226808611702,175343.4353735346,-1.430511474609375e-12,5.066394805908203e-13,-1.862645149230957e-15,-8.940696716308594e-14,-4.656612873077392e-15,4.3213367462158203e-13,-1.1920928955078124e-13,-7.068738341331482e-13,464501.7301396048,76001.25376383256,231.19467359501814,21972.446975508534,386.421594166795,45176.28101807645,24251.96291931416,632521.2910840983,222153.73271717157,41053.95724302873,136.22708271878156,11447.807703440574,167.29528460550776,23198.52828677592,12767.633517247326,310925.1818349884,222153.73271717157,41053.95724302873,136.22708271878156,11447.807703440574,167.29528460550776,23198.52828677592,12767.633517247328,310925.1818349884,0.0,-2.264976501464844e-12,9.313225746154785e-16,0.0,0.0,0.0,-5.960464477539063e-13,-2.8600916266441345e-12,2282078.526024688,298386.0627321374,730.1212348751676,89938.13217603753,1955.841247642966,185448.98159883165,95085.86761801434,2953623.532632227,95111.92878533497,17099.522015123843,55.678823418305456,4879.358141863201,75.18086827693091,9894.379779462166,5499.364448267272,132615.4128617467,95111.92878533497,17099.52201512385,55.67882341830547,4879.358141863201,75.18086827693088,9894.37977946217,5499.364448267272,132615.4128617467,1.5676021575927734e-11,-7.74860382080078e-12,-1.3504177331924439e-14,-2.980232238769531e-13,3.3993273973464965e-14,-2.2351741790771482e-12,7.450580596923828e-15,5.422160029411317e-12,11631.277599275643,54896.610202724434,21438.943968771157,8916.305476423859,10123.301779359614,51059.058926281694
2048,537744.6258193684,83609.91788010373,268.8916001881988,23304.335155972192,435.9219122203157,47650.47574309,24726.40836099161,717740.5764719344,193612.68461529195,39546.56108389587,164.7388627015801,10012.686518820388,140.85896160661954,20246.888529741304,10665.65139196396,274390.0699640217,193612.68461529195,39546.56108389587,164.7388627015801,10012.68651882039,140.85896160661954,20246.888529741304,10665.65139196396,274390.0699640217,-4.76837158203125e-13,0.0,-1.862645149230957e-15,-5.066394805908203e-13,-1.8917489796876906e-15,1.0132789611816406e-12,3.5762786865234376e-13,3.836757969111203e-13,2529255.9467747784,400173.2443163021,1274.1119815308216,114445.28006500182,2070.9607445324855,234364.9718467855,123318.2757055968,3404902.7914345274,1129209.7012896498,214139.8088181341,811.1936269514775,58237.289903754136,842.2268848161751,117806.89922972256,63660.546738641104,1584707.6664916694,1129209.7012896498,214139.80881813416,811.1936269514775,58237.28990375414,842.2268848161751,117806.89922972256,63660.546738641104,1584707.6664916694,4.76837158203125e-13,-7.74860382080078e-12,2.7939677238464356e-15,-2.86102294921875e-12,-2.974411472678184e-14,-1.1920928955078132e-13,2.980232238769531e-13,-9.980925824493169e-12,959866.4771513636,131457.38624789534,343.62909411828633,39334.51195662756,832.7590455853618,81431.31299978329,42091.4826598675,1255357.559155241,115154.25900519211,20346.80987958629,73.4748372049083,5848.792073645041,96.57908831806336,11929.99661440339,6571.826833739333,160021.73833208915,115154.25900519209,20346.80987958629,73.47483720490828,5848.792073645041,96.57908831806336,11929.996614403392,6571.826833739333,160021.7383320891,3.743171691894531e-11,2.384185791015625e-13,1.0943040251731872e-14,7.450580596923828e-15,1.478474587202072e-14,-3.0696392059326167e-12,0.0,3.4633674658834936e-11,406961.00330328627,60789.60874799405,180.7841779891826,17652.404349699234,336.7176505117926,36203.18690076814,19028.16033720004,541151.8654674487,147343.9595052177,27407.897278789234,100.61310887954583,7558.088058904009,113.03244910709796,15361.35534006404,8394.984554124785,206279.9302950864,147343.9595052177,27407.897278789234,100.61310887954583,7558.088058904009,113.03244910709797,15361.35534006404,8394.984554124785,206279.9302950864,-1.430511474609375e-12,5.066394805908203e-13,-1.862645149230957e-15,-8.940696716308594e-14,-4.656612873077392e-15,4.3213367462158203e-13,-1.1920928955078124e-13,-7.068738341331482e-13,464501.7301396048,76001.25376383256,231.19467359501814,21972.446975508534,386.421594166795,45176.28101807645,24251.96291931416,632521.2910840983,261353.39328508166,47517.42507734409,156.6924859137735,13397.89021097638,202.72065286801455,27228.832604495943,15011.824743292074,364868.7790599719,261353.39328508166,47517.42507734409,156.6924859137735,13397.89021097638,202.72065286801455,27228.832604495943,15011.824743292076,364868.7790599719,0.0,-2.264976501464844e-12,9.313225746154785e-16,0.0,0.0,0.0,-5.960464477539063e-13,-2.8600916266441345e-12,2282078.526024688,298386.0627321374,730.1212348751676,89938.13217603753,1955.841247642966,185448.98159883165,95085.86761801434,2953623.532632227,139919.12268264045,24469.30837183585,78.95994476773257,7102.893344578839,115.67410068900185,14490.570093630507,8055.892391925062,194232.42093006746,139919.12268264045,24469.308371835858,78.95994476773258,7102.893344578839,115.67410068900182,14490.570093630511,8055.892391925062,194232.42093006746,1.5676021575927734e-11,-7.74860382080078e-12,-1.3504177331924439e-14,-2.980232238769531e-13,3.3993273973464965e-14,-2.2351741790771482e-12,7.450580596923828e-15,5.422160029411317e-12,11631.277599275643,54896.610202724434,21438.943968771157,8916.305476423859,10123.301779359614,51059.058926281694
2049,537744.6258193684,83609.91788010373,268.8916001881988,23304.335155972192,435.9219122203157,47650.47574309,24726.40836099161,717740.5764719344,221317.8157354576,43948.14285112776,178.22955392795464,11330.076843580902,167.92962741013503,23035.545550422317,12182.457133776441,312160.1972957031,221317.8157354576,43948.14285112776,178.22955392795464,11330.076843580904,167.92962741013503,23035.545550422317,12182.457133776441,312160.1972957031,-4.76837158203125e-13,0.0,-1.862645149230957e-15,-5.066394805908203e-13,-1.8917489796876906e-15,1.0132789611816406e-12,3.5762786865234376e-13,3.836757969111203e-13,2529255.9467747784,400173.2443163021,1274.1119815308216,114445.28006500182,2070.9607445324855,234364.9718467855,123318.2757055968,3404902.7914345274,1265893.089574761,235854.80675197943,877.741597104688,64736.59541778579,975.777862082045,131564.74975371623,71143.04319820288,1771045.804155632,1265893.089574761,235854.8067519795,877.741597104688,64736.5954177858,975.777862082045,131564.74975371623,71143.04319820288,1771045.804155632,4.76837158203125e-13,-7.74860382080078e-12,2.7939677238464356e-15,-2.86102294921875e-12,-2.974411472678184e-14,-1.1920928955078132e-13,2.980232238769531e-13,-9.980925824493169e-12,959866.4771513636,131457.38624789534,343.62909411828633,39334.51195662756,832.7590455853618,81431.31299978329,42091.4826598675,1255357.559155241,174821.07468460206,29823.571610399944,102.50158398615467,8685.111808471738,154.8666677962796,17934.05958662537,9836.65001441882,241357.83595630038,174821.07468460203,29823.571610399944,102.50158398615466,8685.111808471738,154.8666677962796,17934.059586625375,9836.65001441882,241357.83595630032,3.743171691894531e-11,2.384185791015625e-13,1.0943040251731872e-14,7.450580596923828e-15,1.478474587202072e-14,-3.0696392059326167e-12,0.0,3.4633674658834936e-11,406961.00330328627,60789.60874799405,180.7841779891826,17652.404349699234,336.7176505117926,36203.18690076814,19028.16033720004,541151.8654674487,159388.01120818235,29319.4920516073,106.4667901925481,8130.280562727869,124.79374359625348,16572.450854573854,9053.435922195906,222694.93113307605,159388.01120818235,29319.4920516073,106.4667901925481,8130.280562727869,124.79374359625349,16572.450854573854,9053.435922195906,222694.93113307605,-1.430511474609375e-12,5.066394805908203e-13,-1.862645149230957e-15,-8.940696716308594e-14,-4.656612873077392e-15,4.3213367462158203e-13,-1.1920928955078124e-13,-7.068738341331482e-13,464501.7301396048,76001.25376383256,231.19467359501814,21972.446975508534,386.421594166795,45176.28101807645,24251.96291931416,632521.2910840983,299558.2706653126,53589.67695364865,175.30850477319865,15215.254827685561,240.05969806153857,31076.07559976491,17104.504525135217,416959.15077438165,299558.2706653126,53589.67695364865,175.30850477319865,15215.254827685561,240.05969806153857,31076.07559976491,17104.50452513522,416959.15077438165,0.0,-2.264976501464844e-12,9.313225746154785e-16,0.0,0.0,0.0,-5.960464477539063e-13,-2.8600916266441345e-12,2282078.526024688,298386.0627321374,730.1212348751676,89938.13217603753,1955.841247642966,185448.98159883165,95085.86761801434,2953623.532632227,203429.0605053109,34539.49237439428,109.76076291921461,10117.261249100538,177.65415572045228,20870.325121044036,11522.985476375114,280766.5396448645,203429.0605053109,34539.492374394285,109.76076291921463,10117.261249100538,177.65415572045225,20870.32512104404,11522.985476375114,280766.5396448645,1.5676021575927734e-11,-7.74860382080078e-12,-1.3504177331924439e-14,-2.980232238769531e-13,3.3993273973464965e-14,-2.2351741790771482e-12,7.450580596923828e-15,5.422160029411317e-12,11631.277599275643,54896.610202724434,21438.943968771157,8916.305476423859,10123.301779359614,51059.058926281694
2050,537744.6258193684,83609.91788010373,268.8916001881988,23304.335155972192,435.9219122203157,47650.47574309,24726.40836099161,717740.5764719344,243455.31655975353,47336.94143550828,186.78291383815215,12327.942740106933,188.69087705947035,25177.788673726493,13273.22217284145,341946.68537283427,243455.31655975353,47336.94143550828,186.78291383815215,12327.942740106935,188.69087705947035,25177.788673726493,13273.22217284145,341946.68537283427,-4.76837158203125e-13,0.0,-1.862645149230957e-15,-5.066394805908203e-13,-1.8917489796876906e-15,1.0132789611816406e-12,3.5762786865234376e-13,3.836757969111203e-13,2529255.9467747784,400173.2443163021,1274.1119815308216,114445.28006500182,2070.9607445324855,234364.9718467855,123318.2757055968,3404902.7914345274,1427204.0123942215,260562.0868993291,940.1205806134625,72011.5268046147,1127.1056136658794,147184.210328905,79096.04754491482,1988125.1101662642,1427204.0123942215,260562.08689932915,940.1205806134625,72011.5268046147,1127.1056136658794,147184.210328905,79096.04754491482,1988125.1101662642,4.76837158203125e-13,-7.74860382080078e-12,2.7939677238464356e-15,-2.86102294921875e-12,-2.974411472678184e-14,-1.1920928955078132e-13,2.980232238769531e-13,-9.980925824493169e-12,959866.4771513636,131457.38624789534,343.62909411828633,39334.51195662756,832.7590455853618,81431.31299978329,42091.4826598675,1255357.559155241,298737.67829768575,48808.481951392765,150.4293251831645,14274.681609916182,271.1278493737633,29935.983083221523,15947.79027367882,408126.172390452,298737.6782976857,48808.481951392765,150.4293251831645,14274.681609916182,271.1278493737633,29935.98308322153,15947.79027367882,408126.17239045195,3.743171691894531e-11,2.384185791015625e-13,1.0943040251731872e-14,7.450580596923828e-15,1.478474587202072e-14,-3.0696392059326167e-12,0.0,3.4633674658834936e-11,406961.00330328627,60789.60874799405,180.7841779891826,17652.404349699234,336.7176505117926,36203.18690076814,19028.16033720004,541151.8654674487,173361.42827041226,31457.115386194077,111.8644234102064,8759.865541366518,137.89513244221774,17923.792507755297,9741.464312423928,241493.42557400448,173361.42827041226,31457.115386194077,111.8644234102064,8759.865541366518,137.89513244221777,17923.792507755297,9741.464312423928,241493.42557400448,-1.430511474609375e-12,5.066394805908203e-13,-1.862645149230957e-15,-8.940696716308594e-14,-4.656612873077392e-15,4.3213367462158203e-13,-1.1920928955078124e-13,-7.068738341331482e-13,464501.7301396048,76001.25376383256,231.19467359501814,21972.446975508534,386.421594166795,45176.28101807645,24251.96291931416,632521.2910840983,342334.0728192653,60144.868795498965,191.85966216851972,17145.20821211721,280.1983424383415,35220.250801808914,19214.632601423385,474531.0912347206,342334.0728192653,60144.868795498965,191.85966216851972,17145.20821211721,280.1983424383415,35220.250801808914,19214.63260142339,474531.0912347206,0.0,-2.264976501464844e-12,9.313225746154785e-16,0.0,0.0,0.0,-5.960464477539063e-13,-2.8600916266441345e-12,2282078.526024688,298386.0627321374,730.1212348751676,89938.13217603753,1955.841247642966,185448.98159883165,95085.86761801434,2953623.532632227,341042.17713139893,55599.419926000206,162.92774555118098,16319.206330753721,306.70009765606096,34183.73586834344,18301.53971476431,465915.7068144678,341042.17713139893,55599.41992600022,162.927745551181,16319.206330753721,306.70009765606096,34183.73586834344,18301.53971476431,465915.7068144678,1.5676021575927734e-11,-7.74860382080078e-12,-1.3504177331924439e-14,-2.980232238769531e-13,3.3993273973464965e-14,-2.2351741790771482e-12,7.450580596923828e-15,5.422160029411317e-12,11631.277599275643,54896.610202724434,21438.943968771157,8916.305476423859,10123.301779359614,51059.058926281694
