year,VirginStock_glass_sim1_Arizona_[Tonnes],VirginStock_aluminium_frames_sim1_Arizona_[Tonnes],VirginStock_silver_sim1_Arizona_[Tonnes],VirginStock_silicon_sim1_Arizona_[Tonnes],VirginStock_copper_sim1_Arizona_[Tonnes],VirginStock_encapsulant_sim1_Arizona_[Tonnes],VirginStock_backsheet_sim1_Arizona_[Tonnes],VirginStock_Module_sim1_Arizona_[Tonnes],WasteAll_glass_sim1_Arizona_[Tonnes],WasteAll_aluminium_frames_sim1_Arizona_[Tonnes],WasteAll_silver_sim1_Arizona_[Tonnes],WasteAll_silicon_sim1_Arizona_[Tonnes],WasteAll_copper_sim1_Arizona_[Tonnes],WasteAll_encapsulant_sim1_Arizona_[Tonnes],WasteAll_backsheet_sim1_Arizona_[Tonnes],WasteAll_Module_sim1_Arizona_[Tonnes],WasteEOL_glass_sim1_Arizona_[Tonnes],WasteEOL_aluminium_frames_sim1_Arizona_[Tonnes],WasteEOL_silver_sim1_Arizona_[Tonnes],WasteEOL_silicon_sim1_Arizona_[Tonnes],WasteEOL_copper_sim1_Arizona_[Tonnes],WasteEOL_encapsulant_sim1_Arizona_[Tonnes],WasteEOL_backsheet_sim1_Arizona_[Tonnes],WasteEOL_Module_sim1_Arizona_[Tonnes],WasteMFG_glass_sim1_Arizona_[Tonnes],WasteMFG_aluminium_frames_sim1_Arizona_[Tonnes],WasteMFG_silver_sim1_Arizona_[Tonnes],WasteMFG_silicon_sim1_Arizona_[Tonnes],WasteMFG_copper_sim1_Arizona_[Tonnes],WasteMFG_encapsulant_sim1_Arizona_[Tonnes],WasteMFG_backsheet_sim1_Arizona_[Tonnes],WasteMFG_Module_sim1_Arizona_[Tonnes],VirginStock_glass_sim1_California_[Tonnes],VirginStock_aluminium_frames_sim1_California_[Tonnes],VirginStock_silver_sim1_California_[Tonnes],VirginStock_silicon_sim1_California_[Tonnes],VirginStock_copper_sim1_California_[Tonnes],VirginStock_encapsulant_sim1_California_[Tonnes],VirginStock_backsheet_sim1_California_[Tonnes],VirginStock_Module_sim1_California_[Tonnes],WasteAll_glass_sim1_California_[Tonnes],WasteAll_aluminium_frames_sim1_California_[Tonnes],WasteAll_silver_sim1_California_[Tonnes],WasteAll_silicon_sim1_California_[Tonnes],WasteAll_copper_sim1_California_[Tonnes],WasteAll_encapsulant_sim1_California_[Tonnes],WasteAll_backsheet_sim1_California_[Tonnes],WasteAll_Module_sim1_California_[Tonnes],WasteEOL_glass_sim1_California_[Tonnes],WasteEOL_aluminium_frames_sim1_California_[Tonnes],WasteEOL_silver_sim1_California_[Tonnes],WasteEOL_silicon_sim1_California_[Tonnes],WasteEOL_copper_sim1_California_[Tonnes],WasteEOL_encapsulant_sim1_California_[Tonnes],WasteEOL_backsheet_sim1_California_[Tonnes],WasteEOL_Module_sim1_California_[Tonnes],WasteMFG_glass_sim1_California_[Tonnes],WasteMFG_aluminium_frames_sim1_California_[Tonnes],WasteMFG_silver_sim1_California_[Tonnes],WasteMFG_silicon_sim1_California_[Tonnes],WasteMFG_copper_sim1_California_[Tonnes],WasteMFG_encapsulant_sim1_California_[Tonnes],WasteMFG_backsheet_sim1_California_[Tonnes],WasteMFG_Module_sim1_California_[Tonnes],VirginStock_glass_sim1_Florida_[Tonnes],VirginStock_aluminium_frames_sim1_Florida_[Tonnes],VirginStock_silver_sim1_Florida_[Tonnes],VirginStock_silicon_sim1_Florida_[Tonnes],VirginStock_copper_sim1_Florida_[Tonnes],VirginStock_encapsulant_sim1_Florida_[Tonnes],VirginStock_backsheet_sim1_Florida_[Tonnes],VirginStock_Module_sim1_Florida_[Tonnes],WasteAll_glass_sim1_Florida_[Tonnes],WasteAll_aluminium_frames_sim1_Florida_[Tonnes],WasteAll_silver_sim1_Florida_[Tonnes],WasteAll_silicon_sim1_Florida_[Tonnes],WasteAll_copper_sim1_Florida_[Tonnes],WasteAll_encapsulant_sim1_Florida_[Tonnes],WasteAll_backsheet_sim1_Florida_[Tonnes],WasteAll_Module_sim1_Florida_[Tonnes],WasteEOL_glass_sim1_Florida_[Tonnes],WasteEOL_aluminium_frames_sim1_Florida_[Tonnes],WasteEOL_silver_sim1_Florida_[Tonnes],WasteEOL_silicon_sim1_Florida_[Tonnes],WasteEOL_copper_sim1_Florida_[Tonnes],WasteEOL_encapsulant_sim1_Florida_[Tonnes],WasteEOL_backsheet_sim1_Florida_[Tonnes],WasteEOL_Module_sim1_Florida_[Tonnes],WasteMFG_glass_sim1_Florida_[Tonnes],WasteMFG_aluminium_frames_sim1_Florida_[Tonnes],WasteMFG_silver_sim1_Florida_[Tonnes],WasteMFG_silicon_sim1_Florida_[Tonnes],WasteMFG_copper_sim1_Florida_[Tonnes],WasteMFG_encapsulant_sim1_Florida_[Tonnes],WasteMFG_backsheet_sim1_Florida_[Tonnes],WasteMFG_Module_sim1_Florida_[Tonnes],VirginStock_glass_sim1_Nevada_[Tonnes],VirginStock_aluminium_frames_sim1_Nevada_[Tonnes],VirginStock_silver_sim1_Nevada_[Tonnes],VirginStock_silicon_sim1_Nevada_[Tonnes],VirginStock_copper_sim1_Nevada_[Tonnes],VirginStock_encapsulant_sim1_Nevada_[Tonnes],VirginStock_backsheet_sim1_Nevada_[Tonnes],VirginStock_Module_sim1_Nevada_[Tonnes],WasteAll_glass_sim1_Nevada_[Tonnes],WasteAll_aluminium_frames_sim1_Nevada_[Tonnes],WasteAll_silver_sim1_Nevada_[Tonnes],WasteAll_silicon_sim1_Nevada_[Tonnes],WasteAll_copper_sim1_Nevada_[Tonnes],WasteAll_encapsulant_sim1_Nevada_[Tonnes],WasteAll_backsheet_sim1_Nevada_[Tonnes],WasteAll_Module_sim1_Nevada_[Tonnes],WasteEOL_glass_sim1_Nevada_[Tonnes],WasteEOL_aluminium_frames_sim1_Nevada_[Tonnes],WasteEOL_silver_sim1_Nevada_[Tonnes],WasteEOL_silicon_sim1_Nevada_[Tonnes],WasteEOL_copper_sim1_Nevada_[Tonnes],WasteEOL_encapsulant_sim1_Nevada_[Tonnes],WasteEOL_backsheet_sim1_Nevada_[Tonnes],WasteEOL_Module_sim1_Nevada_[Tonnes],WasteMFG_glass_sim1_Nevada_[Tonnes],WasteMFG_aluminium_frames_sim1_Nevada_[Tonnes],WasteMFG_silver_sim1_Nevada_[Tonnes],WasteMFG_silicon_sim1_Nevada_[Tonnes],WasteMFG_copper_sim1_Nevada_[Tonnes],WasteMFG_encapsulant_sim1_Nevada_[Tonnes],WasteMFG_backsheet_sim1_Nevada_[Tonnes],WasteMFG_Module_sim1_Nevada_[Tonnes],VirginStock_glass_sim1_North Carolina_[Tonnes],VirginStock_aluminium_frames_sim1_North Carolina_[Tonnes],VirginStock_silver_sim1_North Carolina_[Tonnes],VirginStock_silicon_sim1_North Carolina_[Tonnes],VirginStock_copper_sim1_North Carolina_[Tonnes],VirginStock_encapsulant_sim1_North Carolina_[Tonnes],VirginStock_backsheet_sim1_North Carolina_[Tonnes],VirginStock_Module_sim1_North Carolina_[Tonnes],WasteAll_glass_sim1_North Carolina_[Tonnes],WasteAll_aluminium_frames_sim1_North Carolina_[Tonnes],WasteAll_silver_sim1_North Carolina_[Tonnes],WasteAll_silicon_sim1_North Carolina_[Tonnes],WasteAll_copper_sim1_North Carolina_[Tonnes],WasteAll_encapsulant_sim1_North Carolina_[Tonnes],WasteAll_backsheet_sim1_North Carolina_[Tonnes],WasteAll_Module_sim1_North Carolina_[Tonnes],WasteEOL_glass_sim1_North Carolina_[Tonnes],WasteEOL_aluminium_frames_sim1_North Carolina_[Tonnes],WasteEOL_silver_sim1_North Carolina_[Tonnes],WasteEOL_silicon_sim1_North Carolina_[Tonnes],WasteEOL_copper_sim1_North Carolina_[Tonnes],WasteEOL_encapsulant_sim1_North Carolina_[Tonnes],WasteEOL_backsheet_sim1_North Carolina_[Tonnes],WasteEOL_Module_sim1_North Carolina_[Tonnes],WasteMFG_glass_sim1_North Carolina_[Tonnes],WasteMFG_aluminium_frames_sim1_North Carolina_[Tonnes],WasteMFG_silver_sim1_North Carolina_[Tonnes],WasteMFG_silicon_sim1_North Carolina_[Tonnes],WasteMFG_copper_sim1_North Carolina_[Tonnes],WasteMFG_encapsulant_sim1_North Carolina_[Tonnes],WasteMFG_backsheet_sim1_North Carolina_[Tonnes],WasteMFG_Module_sim1_North Carolina_[Tonnes],VirginStock_glass_sim1_Texas_[Tonnes],VirginStock_aluminium_frames_sim1_Texas_[Tonnes],VirginStock_silver_sim1_Texas_[Tonnes],VirginStock_silicon_sim1_Texas_[Tonnes],VirginStock_copper_sim1_Texas_[Tonnes],VirginStock_encapsulant_sim1_Texas_[Tonnes],VirginStock_backsheet_sim1_Texas_[Tonnes],VirginStock_Module_sim1_Texas_[Tonnes],WasteAll_glass_sim1_Texas_[Tonnes],WasteAll_aluminium_frames_sim1_Texas_[Tonnes],WasteAll_silver_sim1_Texas_[Tonnes],WasteAll_silicon_sim1_Texas_[Tonnes],WasteAll_copper_sim1_Texas_[Tonnes],WasteAll_encapsulant_sim1_Texas_[Tonnes],WasteAll_backsheet_sim1_Texas_[Tonnes],WasteAll_Module_sim1_Texas_[Tonnes],WasteEOL_glass_sim1_Texas_[Tonnes],WasteEOL_aluminium_frames_sim1_Texas_[Tonnes],WasteEOL_silver_sim1_Texas_[Tonnes],WasteEOL_silicon_sim1_Texas_[Tonnes],WasteEOL_copper_sim1_Texas_[Tonnes],WasteEOL_encapsulant_sim1_Texas_[Tonnes],WasteEOL_backsheet_sim1_Texas_[Tonnes],WasteEOL_Module_sim1_Texas_[Tonnes],WasteMFG_glass_sim1_Texas_[Tonnes],WasteMFG_aluminium_frames_sim1_Texas_[Tonnes],WasteMFG_silver_sim1_Texas_[Tonnes],WasteMFG_silicon_sim1_Texas_[Tonnes],WasteMFG_copper_sim1_Texas_[Tonnes],WasteMFG_encapsulant_sim1_Texas_[Tonnes],WasteMFG_backsheet_sim1_Texas_[Tonnes],WasteMFG_Module_sim1_Texas_[Tonnes],newInstalledCapacity_sim1_Arizona_[MW],newInstalledCapacity_sim1_California_[MW],newInstalledCapacity_sim1_Florida_[MW],newInstalledCapacity_sim1_Nevada_[MW],newInstalledCapacity_sim1_North Carolina_[MW],newInstalledCapacity_sim1_Texas_[MW],ActiveCapacity_sim1_Arizona_[MW],DecommisionedCapacity_sim1_Arizona_[MW],ActiveCapacity_sim1_California_[MW],DecommisionedCapacity_sim1_California_[MW],ActiveCapacity_sim1_Florida_[MW],DecommisionedCapacity_sim1_Florida_[MW],ActiveCapacity_sim1_Nevada_[MW],DecommisionedCapacity_sim1_Nevada_[MW],ActiveCapacity_sim1_North Carolina_[MW],DecommisionedCapacity_sim1_North Carolina_[MW],ActiveCapacity_sim1_Texas_[MW],DecommisionedCapacity_sim1_Texas_[MW]
2000,292.10134128166914,88.87045524292101,1.6557973174888225,27.941058120640836,0.19629210134128167,30.88971684053651,7.755290611028316,449.40995151562595,0.0,0.0,0.0,0.0,-2.91038304567337e-17,0.0,0.0,-2.91038304567337e-17,0.0,0.0,0.0,0.0,0.0,0.0,0.0,0.0,0.0,0.0,0.0,0.0,-2.91038304567337e-17,0.0,0.0,-2.91038304567337e-17,0.0,0.0,0.0,0.0,0.0,0.0,0.0,0.0,0.0,0.0,0.0,0.0,0.0,0.0,0.0,0.0,0.0,0.0,0.0,0.0,0.0,0.0,0.0,0.0,0.0,0.0,0.0,0.0,0.0,0.0,0.0,0.0,0.0,0.0,0.0,0.0,0.0,0.0,0.0,0.0,0.0,0.0,0.0,0.0,0.0,0.0,0.0,0.0,0.0,0.0,0.0,0.0,0.0,0.0,0.0,0.0,0.0,0.0,0.0,0.0,0.0,0.0,0.0,0.0,0.0,0.0,0.0,0.0,0.0,0.0,0.0,0.0,0.0,0.0,0.0,0.0,0.0,0.0,0.0,0.0,0.0,0.0,0.0,0.0,0.0,0.0,0.0,0.0,0.0,0.0,0.0,0.0,0.0,0.0,0.0,0.0,0.0,0.0,0.0,0.0,0.0,0.0,0.0,0.0,0.0,0.0,0.0,0.0,0.0,0.0,0.0,0.0,0.0,0.0,0.0,0.0,0.0,0.0,0.0,0.0,0.0,0.0,0.0,0.0,0.0,0.0,0.0,0.0,0.0,0.0,0.0,0.0,0.0,0.0,0.0,0.0,0.0,0.0,0.0,0.0,0.0,0.0,0.0,0.0,0.0,0.0,0.0,0.0,0.0,0.0,0.0,0.0,0.0,0.0,0.0,0.0,0.0,0.0,0.0,0.0,4.9,0.0,0.0,0.0,0.0,0.0,4.9,0.0,0.0,0.0,0.0,0.0,0.0,0.0,0.0,0.0,0.0,0.0
2001,200.0,59.688346875,1.0788571427500002,18.715178572499998,0.1344,21.15,5.472,306.23878259025,0.0,0.0,0.0,0.0,0.0,0.0,0.0,0.0,0.0,0.0,0.0,0.0,0.0,0.0,0.0,0.0,0.0,0.0,0.0,0.0,0.0,0.0,0.0,0.0,0.0,0.0,0.0,0.0,0.0,0.0,0.0,0.0,0.0,0.0,0.0,0.0,0.0,0.0,0.0,0.0,0.0,0.0,0.0,0.0,0.0,0.0,0.0,0.0,0.0,0.0,0.0,0.0,0.0,0.0,0.0,0.0,0.0,0.0,0.0,0.0,0.0,0.0,0.0,0.0,0.0,0.0,0.0,0.0,0.0,0.0,0.0,0.0,0.0,0.0,0.0,0.0,0.0,0.0,0.0,0.0,0.0,0.0,0.0,0.0,0.0,0.0,0.0,0.0,0.0,0.0,0.0,0.0,0.0,0.0,0.0,0.0,0.0,0.0,0.0,0.0,0.0,0.0,0.0,0.0,0.0,0.0,0.0,0.0,0.0,0.0,0.0,0.0,0.0,0.0,0.0,0.0,0.0,0.0,0.0,0.0,0.0,0.0,0.0,0.0,0.0,0.0,0.0,0.0,0.0,0.0,0.0,0.0,0.0,0.0,0.0,0.0,0.0,0.0,0.0,0.0,0.0,0.0,0.0,0.0,0.0,0.0,0.0,0.0,0.0,0.0,0.0,0.0,0.0,0.0,0.0,0.0,0.0,0.0,0.0,0.0,0.0,0.0,0.0,0.0,0.0,0.0,0.0,0.0,0.0,0.0,0.0,0.0,0.0,0.0,0.0,0.0,0.0,0.0,0.0,0.0,0.0,0.0,0.0,0.0,3.4,0.0,0.0,0.0,0.0,0.0,8.263250000000001,0.036749999999999616,0.0,0.0,0.0,0.0,0.0,0.0,0.0,0.0,0.0,0.0
2002,5.8299595151141625,1.7088247882929268,0.029849392717384512,0.5334204743697846,0.003917732794156717,0.6165182187233226,0.16422995954076597,8.886720081552504,0.0,0.0,0.0,0.0,0.0,0.0,0.0,0.0,0.0,0.0,0.0,0.0,0.0,0.0,0.0,0.0,0.0,0.0,0.0,0.0,0.0,0.0,0.0,0.0,617.3927126505898,180.964545080221,3.16105068877102,56.48922823576019,0.4148879029011965,65.28927936279989,17.39195271536712,941.1036566364103,0.0,0.0,0.0,0.0,5.82076609134674e-17,0.0,0.0,5.82076609134674e-17,0.0,0.0,0.0,0.0,0.0,0.0,0.0,0.0,0.0,0.0,0.0,0.0,5.82076609134674e-17,0.0,0.0,5.82076609134674e-17,0.0,0.0,0.0,0.0,0.0,0.0,0.0,0.0,0.0,0.0,0.0,0.0,0.0,0.0,0.0,0.0,0.0,0.0,0.0,0.0,0.0,0.0,0.0,0.0,0.0,0.0,0.0,0.0,0.0,0.0,0.0,0.0,0.0,0.0,0.0,0.0,0.0,0.0,0.0,0.0,0.0,0.0,0.0,0.0,0.0,0.0,0.0,0.0,0.0,0.0,0.0,0.0,0.0,0.0,0.0,0.0,0.0,0.0,0.0,0.0,0.0,0.0,0.0,0.0,0.0,0.0,0.0,0.0,0.0,0.0,0.0,0.0,0.0,0.0,0.0,0.0,0.0,0.0,0.0,0.0,0.0,0.0,0.0,0.0,0.0,0.0,0.0,0.0,0.0,0.0,0.0,0.0,0.0,0.0,0.0,0.0,0.0,0.0,0.0,0.0,0.0,0.0,0.0,0.0,0.0,0.0,0.0,0.0,0.0,0.0,0.0,0.0,0.0,0.0,0.0,0.0,0.0,0.0,0.0,0.0,0.0,0.0,0.0,0.0,0.0,0.0,0.0,0.0,0.1,10.59,0.0,0.0,0.0,0.0,8.301275625000002,0.09872437499999798,10.59,0.0,0.0,0.0,0.0,0.0,0.0,0.0,0.0,0.0
2003,0.0,0.0,0.0,0.0,0.0,0.0,0.0,0.0,0.0,0.0,0.0,0.0,0.0,0.0,0.0,0.0,0.0,0.0,0.0,0.0,0.0,0.0,0.0,0.0,0.0,0.0,0.0,0.0,0.0,0.0,0.0,0.0,1068.9052972933885,309.70088675074345,5.1796096697428755,95.57826679480249,0.7183043597811571,113.03673518877584,30.9768755155624,1624.0959755727965,0.0,0.0,0.0,0.0,0.0,0.0,0.0,0.0,0.0,0.0,0.0,0.0,0.0,0.0,0.0,0.0,0.0,0.0,0.0,0.0,0.0,0.0,0.0,0.0,0.0,0.0,0.0,0.0,0.0,0.0,0.0,0.0,0.0,0.0,0.0,0.0,0.0,0.0,0.0,0.0,0.0,0.0,0.0,0.0,0.0,0.0,0.0,0.0,0.0,0.0,0.0,0.0,0.0,0.0,0.0,0.0,0.0,0.0,0.0,0.0,0.0,0.0,0.0,0.0,0.0,0.0,0.0,0.0,0.0,0.0,0.0,0.0,0.0,0.0,0.0,0.0,0.0,0.0,0.0,0.0,0.0,0.0,0.0,0.0,0.0,0.0,0.0,0.0,0.0,0.0,0.0,0.0,0.0,0.0,0.0,0.0,0.0,0.0,0.0,0.0,0.0,0.0,0.0,0.0,0.0,0.0,0.0,0.0,0.0,0.0,0.0,0.0,0.0,0.0,0.0,0.0,0.0,0.0,0.0,0.0,0.0,0.0,0.0,0.0,0.0,0.0,0.0,0.0,0.0,0.0,0.0,0.0,0.0,0.0,0.0,0.0,0.0,0.0,0.0,0.0,0.0,0.0,0.0,0.0,0.0,0.0,0.0,0.0,0.0,0.0,0.0,0.0,0.0,18.498,0.0,0.0,0.0,0.0,8.239016057812503,0.16098394218749768,29.008575,0.07942500000000052,0.0,0.0,0.0,0.0,0.0,0.0,0.0,0.0
2004,0.0,0.0,0.0,0.0,0.0,0.0,0.0,0.0,2.2376536788421186e-12,6.807955767753114e-13,1.2684299711321763e-14,2.140435617996836e-13,1.5037032721819038e-15,2.3663187653755407e-13,5.940970517325825e-14,3.44272240211143e-12,2.2376536788421186e-12,6.807955767753114e-13,1.2684299711321763e-14,2.140435617996836e-13,1.5037032721819038e-15,2.3663187653755407e-13,5.940970517325825e-14,3.44272240211143e-12,0.0,0.0,0.0,0.0,0.0,0.0,0.0,0.0,1802.4057274934592,508.2827548955458,8.23956903964824,157.41761022496,1.2112166488756047,190.6044056824333,53.6310675615995,2721.792351546522,0.0,0.0,-9.313225746154785e-16,0.0,0.0,0.0,0.0,-9.313225746154785e-16,0.0,0.0,0.0,0.0,0.0,0.0,0.0,0.0,0.0,0.0,-9.313225746154785e-16,0.0,0.0,0.0,0.0,-9.313225746154785e-16,0.0,0.0,0.0,0.0,0.0,0.0,0.0,0.0,0.0,0.0,0.0,0.0,0.0,0.0,0.0,0.0,0.0,0.0,0.0,0.0,0.0,0.0,0.0,0.0,0.0,0.0,0.0,0.0,0.0,0.0,0.0,0.0,0.0,0.0,0.0,0.0,0.0,0.0,0.0,0.0,0.0,0.0,0.0,0.0,0.0,0.0,0.0,0.0,0.0,0.0,0.0,0.0,0.0,0.0,0.0,0.0,0.0,0.0,0.0,0.0,0.0,0.0,0.0,0.0,0.0,0.0,0.0,0.0,0.0,0.0,0.0,0.0,0.0,0.0,0.0,0.0,0.0,0.0,0.0,0.0,0.0,0.0,0.0,0.0,0.0,0.0,0.0,0.0,0.0,0.0,0.0,0.0,0.0,0.0,0.0,0.0,0.0,0.0,0.0,0.0,0.0,0.0,0.0,0.0,0.0,0.0,0.0,0.0,0.0,0.0,0.0,0.0,0.0,0.0,0.0,0.0,0.0,0.0,0.0,0.0,0.0,0.0,0.0,0.0,0.0,0.0,0.0,0.0,0.0,31.467,0.0,0.0,0.0,0.0,8.177223437378872,0.222776562621128,60.2580106875,0.2969893125000027,0.0,0.0,0.0,0.0,0.0,0.0,0.0,0.0
2005,0.0,0.0,0.0,0.0,0.0,0.0,0.0,0.0,1.4227728119680584e-10,4.327830002022772e-11,8.060886958761992e-13,1.360639818205153e-11,9.561033296425352e-14,1.5045822486562216e-11,3.778702823072121e-12,2.1888820373755984e-10,1.4227728119680584e-10,4.327830002022772e-11,8.060886958761992e-13,1.360639818205153e-11,9.561033296425352e-14,1.5045822486562216e-11,3.778702823072121e-12,2.1888820373755984e-10,0.0,0.0,0.0,0.0,0.0,0.0,0.0,0.0,2347.8359619599496,620.366598730725,10.08898653451784,170.8784361063976,1.5777457664370862,248.28365297726467,71.67564785272148,3470.7070299280135,0.0,0.0,0.0,0.0,0.0,0.0,0.0,0.0,0.0,0.0,0.0,0.0,0.0,0.0,0.0,0.0,0.0,0.0,0.0,0.0,0.0,0.0,0.0,0.0,0.0,0.0,0.0,0.0,0.0,0.0,0.0,0.0,0.0,0.0,0.0,0.0,0.0,0.0,0.0,0.0,0.0,0.0,0.0,0.0,0.0,0.0,0.0,0.0,0.0,0.0,0.0,0.0,0.0,0.0,0.0,0.0,0.0,0.0,0.0,0.0,0.0,0.0,0.0,0.0,0.0,0.0,0.0,0.0,0.0,0.0,0.0,0.0,0.0,0.0,0.0,0.0,0.0,0.0,0.0,0.0,0.0,0.0,0.0,0.0,0.0,0.0,0.0,0.0,0.0,0.0,0.0,0.0,0.0,0.0,0.0,0.0,0.0,0.0,0.0,0.0,0.0,0.0,0.0,0.0,0.0,0.0,0.0,0.0,0.0,0.0,0.0,0.0,0.0,0.0,0.0,0.0,0.0,0.0,0.0,0.0,0.0,0.0,0.0,0.0,0.0,0.0,0.0,0.0,0.0,0.0,0.0,0.0,0.0,0.0,0.0,0.0,0.0,0.0,0.0,0.0,0.0,0.0,0.0,0.0,0.0,0.0,0.0,0.0,0.0,0.0,0.0,0.0,0.0,41.348,0.0,0.0,0.0,0.0,8.115894261596232,0.2841057384037686,101.15407560734376,0.7489243926562352,0.0,0.0,0.0,0.0,0.0,0.0,0.0,0.0
2006,0.0,0.0,0.0,0.0,0.0,0.0,0.0,0.0,4.201890354338459e-09,1.27784555007179e-09,2.379225891995768e-11,4.017327442771311e-10,2.8236703181154444e-12,4.4434990497129204e-10,1.1163831881832442e-10,6.464072801715068e-09,4.201890354338459e-09,1.27784555007179e-09,2.379225891995768e-11,4.017327442771311e-10,2.8236703181154444e-12,4.4434990497129204e-10,1.1163831881832442e-10,6.464072801715068e-09,0.0,0.0,0.0,0.0,0.0,0.0,0.0,0.0,2841.3823301674265,739.9952228224751,11.43047520148733,165.43948617399843,1.9094089258725113,300.4761814152054,96.1958410090582,4156.828945715523,4.252723715058104e-12,1.2670766421124798e-12,2.4215351671097497e-14,4.3273792863146066e-13,3.178264906831546e-15,5.00151062347375e-13,1.3323172979976883e-13,6.613314694527119e-12,4.7295608732612296e-12,1.3862859316632611e-12,2.4215351671097497e-14,4.3273792863146066e-13,3.178264906831546e-15,5.00151062347375e-13,1.3323172979976883e-13,7.209361142281025e-12,-4.76837158203125e-13,-1.1920928955078124e-13,0.0,0.0,0.0,0.0,0.0,-5.960464477539063e-13,0.0,0.0,0.0,0.0,0.0,0.0,0.0,0.0,0.0,0.0,0.0,0.0,0.0,0.0,0.0,0.0,0.0,0.0,0.0,0.0,0.0,0.0,0.0,0.0,0.0,0.0,0.0,0.0,0.0,0.0,0.0,0.0,0.0,0.0,0.0,0.0,0.0,0.0,0.0,0.0,0.0,0.0,0.0,0.0,0.0,0.0,0.0,0.0,0.0,0.0,0.0,0.0,0.0,0.0,0.0,0.0,0.0,0.0,0.0,0.0,0.0,0.0,0.0,0.0,0.0,0.0,0.0,0.0,0.0,0.0,0.0,0.0,0.0,0.0,0.0,0.0,0.0,0.0,0.0,0.0,0.0,0.0,0.0,0.0,0.0,0.0,0.0,0.0,0.0,0.0,0.0,0.0,0.0,0.0,0.0,0.0,0.0,0.0,0.0,0.0,0.0,0.0,0.0,0.0,0.0,0.0,0.0,0.0,0.0,0.0,0.0,0.0,0.0,0.0,0.0,0.0,0.0,0.0,0.0,0.0,0.0,0.0,0.0,0.0,0.0,0.0,0.0,0.0,0.0,50.474000000000004,0.0,0.0,0.0,0.0,8.055025054566853,0.34497494543314744,150.8694200402886,1.5075799597114212,0.0,0.0,0.0,0.0,0.0,0.0,0.0,0.0
2007,39.06976745094646,10.034494272101044,0.1464558139945246,2.1610953493397895,0.02625488372703602,4.131627907937587,1.4523753542679942,57.022071032314436,7.330913833561645e-08,2.228761451070779e-08,4.147855300346462e-10,7.00655476062464e-09,4.9263740961534254e-11,7.752441378991438e-09,1.9486390801979994e-09,1.127684373371345e-07,7.330913833561645e-08,2.228761451070779e-08,4.147855300346462e-10,7.00655476062464e-09,4.9263740961534254e-11,7.752441378991438e-09,1.9486390801979994e-09,1.127684373371345e-07,0.0,0.0,0.0,0.0,0.0,0.0,0.0,0.0,5559.739536176683,1427.937204903613,20.84108077660369,307.530042769193,3.7361449683107315,587.9424559506843,206.67716255620488,8114.403628101292,3.0567091507025564e-10,8.9567851672574e-11,1.5627891266055113e-12,2.7950769582401128e-11,2.0541085492721183e-13,3.2324699268679536e-11,8.617382273897423e-12,4.658998178493405e-10,3.0567091507025564e-10,8.9567851672574e-11,1.5627891266055113e-12,2.7950769582401128e-11,2.0541085492721183e-13,3.2324699268679536e-11,8.617382273897423e-12,4.658998178493405e-10,0.0,0.0,0.0,0.0,0.0,0.0,0.0,0.0,0.0,0.0,0.0,0.0,0.0,0.0,0.0,0.0,0.0,0.0,0.0,0.0,0.0,0.0,0.0,0.0,0.0,0.0,0.0,0.0,0.0,0.0,0.0,0.0,0.0,0.0,0.0,0.0,0.0,0.0,0.0,0.0,853.9534885706868,219.32537480449426,3.201105648737466,47.23536977842683,0.5738567443195015,90.30558141635014,31.744775600429012,1246.3395525634442,0.0,2.980232238769531e-14,0.0,0.0,0.0,1.4901161193847656e-14,0.0,4.470348358154297e-14,0.0,0.0,0.0,0.0,0.0,0.0,0.0,0.0,0.0,2.980232238769531e-14,0.0,0.0,0.0,1.4901161193847656e-14,0.0,4.470348358154297e-14,0.0,0.0,0.0,0.0,0.0,0.0,0.0,0.0,0.0,0.0,0.0,0.0,0.0,0.0,0.0,0.0,0.0,0.0,0.0,0.0,0.0,0.0,0.0,0.0,0.0,0.0,0.0,0.0,0.0,0.0,0.0,0.0,0.0,0.0,0.0,0.0,0.0,0.0,0.0,0.0,0.0,0.0,0.0,0.0,0.0,0.0,0.0,0.0,0.0,0.0,0.0,0.0,0.0,0.0,0.0,0.0,0.0,0.0,0.0,0.0,0.0,0.0,0.0,0.0,0.7,99.612,0.0,15.3,0.0,0.0,8.694612365490025,0.4053876345099745,249.3498993899814,2.639100610018602,0.0,0.0,15.3,0.0,0.0,0.0,0.0,0.0
2008,2606.6102989679907,660.5555255290376,9.056108923018106,136.59289619167015,1.75164212090649,275.64903911586504,105.52623459959226,3795.74174544808,8.696742842765405e-07,2.643132623098178e-07,4.916526703291094e-09,8.308829246739884e-08,5.844211190338352e-10,9.196805556224416e-08,2.312908184603169e-08,1.3376739242843578e-06,8.696742842765405e-07,2.643132623098178e-07,4.916526703291094e-09,8.308829246739884e-08,5.844211190338352e-10,9.196805556224416e-08,2.312908184603169e-08,1.3376739242843578e-06,0.0,0.0,0.0,0.0,0.0,0.0,0.0,0.0,8008.547268867474,2029.4902356540767,27.823981364117838,419.6678982568277,5.381743764678942,846.9038736827351,324.21871356490425,11662.033715154817,9.207240833170753e-09,2.696571955458546e-09,4.69873483706169e-11,8.412139685642098e-10,6.186624970750121e-12,9.734456577592962e-10,2.5978017840809854e-10,1.4031426566702272e-08,9.206287158854348e-09,2.696571955458546e-09,4.69873483706169e-11,8.412139685642098e-10,6.186624970750121e-12,9.735648670488471e-10,2.5978017840809854e-10,1.4030592101675415e-08,9.5367431640625e-13,0.0,0.0,0.0,0.0,-1.1920928955078124e-13,0.0,8.344650268554687e-13,0.0,0.0,0.0,0.0,0.0,0.0,0.0,0.0,0.0,0.0,0.0,0.0,0.0,0.0,0.0,0.0,0.0,0.0,0.0,0.0,0.0,0.0,0.0,0.0,0.0,0.0,0.0,0.0,0.0,0.0,0.0,0.0,686.2413525945453,173.90421478896104,2.3841985275037056,35.96076247933566,0.4611541889435345,72.57002303687318,27.78185369500942,999.303559311172,0.0,0.0,0.0,0.0,0.0,0.0,0.0,0.0,0.0,0.0,0.0,0.0,0.0,0.0,0.0,0.0,0.0,0.0,0.0,0.0,0.0,0.0,0.0,0.0,177.09454260504396,44.87850704231253,0.6152770393557949,9.280196768860815,0.11900753263058954,18.727747880483395,7.169510630970173,257.88478949965724,0.0,0.0,0.0,0.0,0.0,0.0,0.0,0.0,0.0,0.0,0.0,0.0,0.0,0.0,0.0,0.0,0.0,0.0,0.0,0.0,0.0,0.0,0.0,0.0,0.0,0.0,0.0,0.0,0.0,0.0,0.0,0.0,0.0,0.0,0.0,0.0,0.0,0.0,0.0,0.0,0.0,0.0,0.0,0.0,0.0,0.0,0.0,0.0,0.0,0.0,0.0,0.0,0.0,0.0,0.0,0.0,47.1,144.71,0.0,12.4,3.2,0.0,55.72940275899665,0.47059724100335387,392.1897751444055,4.509224855594539,0.0,0.0,27.58525,0.11475000000000435,3.2,0.0,0.0,0.0
2009,3375.548779973239,844.4358862280586,10.801756095914369,176.88719494254772,2.2683687801420174,356.9642834821701,147.8010385376721,4914.707308039743,7.682264009531048e-06,2.334013406707914e-06,4.3392448800291114e-08,7.336745023930382e-07,5.162481734839435e-09,8.123994694334378e-07,2.0442190975500818e-07,1.1815328228355575e-05,7.682264486368206e-06,2.334013406707914e-06,4.3392446937645963e-08,7.336745023930382e-07,5.162481734839435e-09,8.123994694334378e-07,2.0442190975500818e-07,1.1815328703330088e-05,-4.76837158203125e-13,0.0,1.862645149230957e-15,0.0,0.0,0.0,0.0,-4.749745130538941e-13,9796.445120457858,2450.703680023239,31.348624385465158,513.358215424793,6.583211120947683,1035.9740714884188,428.94499743904186,14263.357920339764,1.6491059567069898e-07,4.8276234070095335e-08,8.397340446748377e-10,1.505354133614017e-08,1.1082085161328435e-10,1.7439295492176418e-08,4.659179241303505e-09,2.5128940070670253e-07,1.6491059567069898e-07,4.8276234070095335e-08,8.397303193845392e-10,1.505354133614017e-08,1.1081992029070973e-10,1.7439295492176418e-08,4.65911963665873e-09,2.512893364454449e-07,0.0,0.0,3.725290298461914e-15,0.0,9.313225746154785e-16,0.0,5.960464477539062e-14,6.426125764846801e-14,2231.8902435622117,558.335351859781,7.142048779399077,116.95662848826878,1.499830243673806,236.02239325670388,97.72505669528731,3249.5715528853248,0.0,0.0,0.0,0.0,0.0,2.980232238769531e-14,0.0,2.980232238769531e-14,0.0,0.0,0.0,0.0,0.0,0.0,0.0,0.0,0.0,0.0,0.0,0.0,0.0,2.980232238769531e-14,0.0,2.980232238769531e-14,2176.1890240585076,544.4009928202512,6.963804876987224,114.03774533322594,1.462399024167317,230.13198929418715,95.28613531476809,3168.4720907220944,0.0,0.0,0.0,0.0,0.0,0.0,0.0,0.0,0.0,0.0,0.0,0.0,0.0,0.0,0.0,0.0,0.0,0.0,0.0,0.0,0.0,0.0,0.0,0.0,1464.7165022157442,366.41721339047564,4.687092807090382,76.75480650736054,0.9842894894889801,154.89377010931494,64.13375551707172,2132.5874300365463,0.0,0.0,0.0,0.0,0.0,0.0,0.0,0.0,0.0,0.0,0.0,0.0,0.0,0.0,0.0,0.0,0.0,0.0,0.0,0.0,0.0,0.0,0.0,0.0,466.6772249288601,116.7451640317807,1.4933671197723526,24.455053279334592,0.31360709515219404,49.35111653622696,20.43382661675271,679.4693596078795,-5.960464477539062e-14,0.0,0.0,0.0,0.0,0.0,0.0,-5.960464477539062e-14,0.0,0.0,0.0,0.0,0.0,0.0,0.0,0.0,-5.960464477539062e-14,0.0,0.0,0.0,0.0,0.0,0.0,-5.960464477539062e-14,61.51,178.513,40.67,39.655,26.6903896,8.5038961,116.82143211768988,0.8885678823101273,567.7613518281344,7.450648171865623,40.669999999999995,7.105427357601002e-15,67.03336062499999,0.32163937500001794,29.866389599999994,0.024000000000004462,8.5038961,0.0
2010,3600.544217687075,894.3529768669388,5.548175876239457,188.67751836734695,2.4195657142857145,380.7575510204083,169.5095996907755,5241.809605223071,5.376908611543318e-05,1.6330521800803966e-05,3.034480442832549e-07,5.1330976015910445e-06,3.6132825869571095e-08,5.6860809163117025e-06,1.431543736006059e-06,8.268991104029879e-05,5.376908611543318e-05,1.6330521800803966e-05,3.034480442832549e-07,5.133097631393367e-06,3.6132825869571095e-08,5.686080856707058e-06,1.431543736006059e-06,8.268991101049647e-05,0.0,0.0,0.0,-2.980232238769531e-14,0.0,5.960464477539062e-14,0.0,2.980232238769531e-14,12399.604190476191,3079.98520480549,19.10688514990949,649.7702585914286,8.332534016,1311.258143142857,583.759513999768,18051.816730181643,2.0205361069771582e-06,5.910519239326015e-07,1.0259385621248086e-08,1.8420417325378176e-07,1.3577993325660759e-09,2.136716933128345e-07,5.71713965844949e-08,3.078252479014685e-06,2.0205361069771582e-06,5.910519239326015e-07,1.0259385621248086e-08,1.8420417325378176e-07,1.3578002638886504e-09,2.136716933128345e-07,5.71713965844949e-08,3.0782524799460074e-06,0.0,0.0,0.0,0.0,-9.313225746154785e-16,0.0,0.0,-9.313225746154785e-16,6707.04761904762,1665.9892620168573,10.335070909000951,351.4660628571429,4.507136000000001,709.2702857142857,315.76030962954286,9764.37574617445,0.0,2.384185791015625e-13,0.0,0.0,0.0,0.0,0.0,2.384185791015625e-13,0.0,0.0,0.0,0.0,0.0,0.0,0.0,0.0,0.0,2.384185791015625e-13,0.0,0.0,0.0,0.0,0.0,2.384185791015625e-13,3496.3265306122453,868.4659461731632,5.387584026133673,183.21625102040818,2.349531428571429,369.73653061224485,164.6031474022653,5090.085521275032,1.735264024267183e-11,4.334301441666352e-12,6.32601532796505e-14,9.63266275251226e-13,1.134053967276297e-14,1.7250115314071748e-12,6.273392979401621e-13,2.507715948188916e-11,1.6875803084468703e-11,4.334301441666352e-12,6.32601532796505e-14,9.334639528635307e-13,1.134053967276297e-14,1.7846161761825655e-12,6.273392979401621e-13,2.4630124646073728e-11,4.76837158203125e-13,0.0,0.0,2.980232238769531e-14,0.0,-5.960464477539062e-14,0.0,4.470348358154297e-13,2078.781338231293,516.3564632729019,3.203250335350835,108.93333907666533,1.3969410592914289,219.8311265179592,97.86670324926587,3026.369161742727,0.0,0.0,0.0,0.0,0.0,0.0,0.0,0.0,0.0,0.0,0.0,0.0,0.0,0.0,0.0,0.0,0.0,0.0,0.0,0.0,0.0,0.0,0.0,0.0,1229.0068027210884,305.2777097428367,1.8938097916129932,64.40302897959185,0.8258925714285715,129.9674693877551,57.86026737933471,1789.2349805736485,0.0,0.0,0.0,0.0,0.0,0.0,7.450580596923828e-15,7.450580596923828e-15,0.0,0.0,0.0,0.0,0.0,0.0,0.0,0.0,0.0,0.0,0.0,0.0,0.0,0.0,7.450580596923828e-15,7.450580596923828e-15,66.16,227.842727,123.242,64.24499999999999,38.197607090000005,22.583,182.10527053863342,1.764729461366585,791.3458686567078,11.70885834329215,163.606975,0.30502500000000055,130.7756104203122,0.8243895796877894,67.839998768,0.24799792200001036,31.023116879249997,0.06377922074999987
2011,17853.08609271523,4388.719557404041,22.925252314525633,935.5463439735101,11.997273854304638,1887.963854304636,899.140257169265,25999.37863173552,0.00031171776510819965,9.46428453722234e-05,1.7577367508696005e-06,2.9747285420802192e-05,2.0947433815271016e-07,3.2964153660192106e-05,8.303446494515248e-06,0.0004793427071449549,0.00031171776510819965,9.46428453722234e-05,1.7577367508696005e-06,2.9747285420802192e-05,2.0947433815271016e-07,3.2964153660192106e-05,8.303446375305959e-06,0.0004793427070257456,0.0,0.0,0.0,0.0,0.0,0.0,1.1920928955078124e-13,1.1920928955078124e-13,35195.76158940397,8651.967868354966,45.19508339615364,1844.3458966887417,23.65155178807947,3721.95178807947,1772.5745544731126,51255.4483321845,1.8528989606353768e-05,5.414777127829649e-06,9.376540093727773e-08,1.686314857864099e-06,1.2451481015469733e-08,1.9594406508719113e-06,5.252464517612191e-07,2.8220985576633395e-05,1.8528989606353768e-05,5.414777127829649e-06,9.376540093727773e-08,1.686314857864099e-06,1.2451481015469733e-08,1.9594406508719113e-06,5.2524621334264e-07,2.8220985338214817e-05,0.0,0.0,0.0,0.0,0.0,0.0,2.384185791015625e-13,2.384185791015625e-13,994.0196026490066,244.35401520685826,1.2764263880187894,52.089112227814574,0.6679811729801325,105.11757298013245,50.06210335376185,1447.5868139785728,0.0,0.0,0.0,0.0,0.0,0.0,0.0,0.0,0.0,0.0,0.0,0.0,0.0,0.0,0.0,0.0,0.0,0.0,0.0,0.0,0.0,0.0,0.0,0.0,2489.061139072848,611.8713170313298,3.196217972802435,130.43302634026495,1.6726490854569542,263.2182154569537,125.35732259809039,3624.809887557746,1.258294170215099e-09,3.231279461824599e-10,4.713085854942663e-12,6.956148829643101e-11,8.455736823845468e-13,1.3306460850024676e-10,4.6820583944978034e-11,1.8364274566765418e-09,1.258294170215099e-09,3.231279461824599e-10,4.713085854942663e-12,6.956148829643101e-11,8.455736823845468e-13,1.3306460850024676e-10,4.6820583944978034e-11,1.8364274566765418e-09,0.0,0.0,0.0,0.0,0.0,0.0,0.0,0.0,4462.285986754967,1096.9376207059486,5.730047545542933,233.83494142092718,2.998656183099338,471.88674309933776,224.73542942980671,6498.409425139629,3.4997370094933335e-12,8.868877025593613e-13,1.2159086293964836e-14,1.833949686399744e-13,2.35182327037952e-15,3.7009718875392003e-13,1.4168365284480296e-13,5.0963114318557365e-12,3.4997370094933335e-12,8.868877025593613e-13,1.2159086293964836e-14,1.833949686399744e-13,2.35182327037952e-15,3.7009718875392003e-13,1.4168365284480296e-13,5.0963114318557365e-12,0.0,0.0,0.0,0.0,0.0,0.0,0.0,0.0,2331.1258278145697,573.047004768212,2.993412315496689,122.15682119205299,1.566516556291391,246.51655629139077,117.40317978807947,3394.809318726093,0.0,0.0,0.0,0.0,0.0,2.980232238769531e-14,0.0,2.980232238769531e-14,0.0,0.0,0.0,0.0,0.0,0.0,0.0,0.0,0.0,0.0,0.0,0.0,0.0,2.980232238769531e-14,0.0,2.980232238769531e-14,336.977,664.3199999999999,18.76212,46.98102900000001,84.225648,44.0,517.7164761851343,3.1305238148656827,1449.7307743437118,17.643952656288093,181.1420426875,1.5320773125000073,176.77582234213799,1.8052066578620156,151.55684677723997,0.7567979127600495,74.79044350265562,0.2964525973443699
2012,41345.50133116883,10088.334178057807,42.23602252424416,2154.488634935065,27.62876509090909,4347.83022077922,2183.2699270751073,60189.289079631184,0.001546796328699852,0.0004694892452874647,8.715349485438604e-06,0.0001475590968335689,1.0394471328863004e-06,0.00016357371176000933,4.122333344407261e-05,0.002378396512643292,0.001546796328699852,0.0004694892452874647,8.715349485438604e-06,0.0001475590968335689,1.0394471328863004e-06,0.00016357371176000933,4.122333344407261e-05,0.002378396512643292,0.0,0.0,0.0,0.0,0.0,0.0,0.0,0.0,64570.52824675327,15755.258638402212,65.96128230706152,3364.7304974025983,43.14868363636365,6790.138831168832,3409.6791176217866,93999.44529729213,0.00013527199845566788,3.947919147352874e-05,6.818291220886703e-07,1.2281114676542562e-05,9.090278296220881e-08,1.4305013836686877e-05,3.843483684117546e-06,0.00020595353403159448,0.00013527199845566788,3.947919147352874e-05,6.818291146380897e-07,1.2281114676542562e-05,9.090278296220881e-08,1.4305013836686877e-05,3.843483684117546e-06,0.0002059535340241439,0.0,0.0,7.450580596923828e-15,0.0,0.0,0.0,0.0,7.450580596923828e-15,1405.785389610389,343.0127181050649,1.4360639360557788,73.25461168831168,0.9394036363636362,147.83025974025972,74.23320231321428,2046.491649029659,4.386812909663291e-11,1.1033806383125126e-11,1.4090812191869646e-13,2.311293364577676e-12,2.9639600038093566e-14,4.664267416708921e-12,1.9312396228611403e-12,6.397928360586257e-11,4.4106547675734473e-11,1.1033806383125126e-11,1.4114095256235034e-13,2.311293364577676e-12,2.9639600038093566e-14,4.664267416708921e-12,1.9312396228611403e-12,6.421793501560779e-11,-2.384185791015625e-13,0.0,-2.328306436538696e-16,0.0,0.0,0.0,0.0,-2.386514097452164e-13,10972.622516233767,2677.3283474494615,11.208956641585285,571.7766079870131,7.332357818181818,1153.8643441558443,579.4148332839466,15973.547963569798,3.562862596885888e-08,9.146980127674114e-09,1.3325849687731262e-10,1.96771566287745e-09,2.3941505328498556e-11,3.767727196206827e-09,1.3280501764557314e-09,5.1996299134278813e-08,3.562862596885888e-08,9.146980127674114e-09,1.3325849687731262e-10,1.96771566287745e-09,2.394243665107317e-11,3.767727196206827e-09,1.3280501764557314e-09,5.1996300065601386e-08,0.0,0.0,0.0,0.0,-9.313225746154785e-16,0.0,0.0,-9.313225746154785e-16,7459.909090909091,1820.2235654181816,7.620584543618183,388.73127272727277,4.985018181818183,784.4727272727273,393.92423970000004,10859.866498752708,2.870807799544322e-10,7.24181491766924e-11,9.903925876480278e-13,1.5043750571562132e-11,1.9291828412937847e-13,3.035879248018121e-11,1.1717772702817949e-11,4.178025557574633e-10,2.870807799544322e-10,7.265656775579396e-11,9.894612650734124e-13,1.5043750571562132e-11,1.9291828412937847e-13,3.035879248018121e-11,1.1717772702817949e-11,4.1804004301399025e-10,0.0,-2.384185791015625e-13,9.313225746154785e-16,0.0,0.0,0.0,0.0,-2.3748725652694704e-13,3044.562337662338,742.8755559703897,3.1101377255046754,158.65027012987014,2.0345018181818184,320.16155844155844,160.76964068428572,4432.164002432129,9.222461243278648e-12,2.30711441036668e-12,2.951187597849167e-14,4.832800253009093e-13,6.1974939554832504e-15,9.752752764767169e-13,4.0381266528188665e-13,1.3427652990638815e-11,9.222461243278648e-12,2.30711441036668e-12,2.951187597849167e-14,4.832800253009093e-13,6.1974939554832504e-15,9.752752764767169e-13,4.0381266528188665e-13,1.3427652990638815e-11,0.0,0.0,0.0,0.0,0.0,0.0,0.0,0.0,791.449,1236.0300000000002,26.909999999999997,210.0415,142.8,58.28,1305.2825788454786,7.013421154521211,2674.8877913737592,28.516935626240866,206.69347736734298,2.890642632657034,385.4915036739569,3.1310253260430727,293.2201704264056,1.8934742635943849,132.50951517638555,0.8573809236144427
2013,24295.965107812503,4863.572085469883,17.276846414804652,1259.0054996906251,16.145254440000002,2540.7152634375007,1339.8530336831523,34332.53309094847,0.006753731771156936,0.0020482599907560716,3.794308530346543e-05,0.0006432938018561823,4.53844057684505e-06,0.0007141965639901253,0.00018054328739236525,0.010382506941031988,0.006753731771156936,0.0020482599907560716,3.794308530346543e-05,0.0006432938018561823,4.53844057684505e-06,0.0007141965639901253,0.00018054328739236525,0.010382506941031988,0.0,0.0,0.0,0.0,0.0,0.0,0.0,0.0,158989.23785543747,31826.5035240437,113.05715298183317,8238.747625927874,105.65218080479998,16626.0686311125,8767.802049365047,224667.06901967325,0.0008495037594927524,0.0002461881926162145,4.150562416417043e-06,7.579143859730307e-05,5.707616196782547e-07,8.981851381097533e-05,2.4886544641722505e-05,0.001290909773195063,0.0008495037594927524,0.0002461881926162145,4.150562416417043e-06,7.579143859730307e-05,5.707616196782547e-07,8.981851381097533e-05,2.4886544641722505e-05,0.001290909773195063,0.0,0.0,0.0,0.0,0.0,0.0,0.0,0.0,1397.041875,279.660175479,0.993435650830125,72.39405375,0.928368,146.093625,77.04286642226249,1974.1543993020925,6.108942704539746e-07,1.4907880804459716e-07,6.311497136038426e-10,3.1834284247694057e-08,4.0823699278565733e-10,6.424265176649293e-08,3.222911799098538e-08,8.893185192101337e-07,6.108942704539746e-07,1.4907880804459716e-07,6.311497136038426e-10,3.1834284247694057e-08,4.0823699278565733e-10,6.424265176649293e-08,3.222911799098538e-08,8.893185192101337e-07,0.0,0.0,0.0,0.0,0.0,0.0,0.0,0.0,2525.9508125,505.64543562809996,1.7962021284299874,130.89358462500002,1.6785552000000001,264.1476375,139.29896771107374,3569.4111952926037,5.289982302414098e-06,1.2976678203597328e-06,6.887047826343332e-09,2.773213045447676e-07,3.5370410635325432e-09,5.566102566496524e-07,2.708980153305914e-07,7.70290378818872e-06,5.289982302414098e-06,1.2976678203597328e-06,6.887047826343332e-09,2.773213045447676e-07,3.5370410635325432e-09,5.566102566496524e-07,2.708980153305914e-07,7.70290378818872e-06,0.0,0.0,0.0,0.0,0.0,0.0,0.0,0.0,19634.43,3930.424876656,13.962031557378,1017.4469400000002,13.047552,2053.242,1082.7826959498,27745.336096163173,3.2337005393899697e-06,7.891061381177002e-07,3.325596848701234e-09,1.6850887642117235e-07,2.1609267679028256e-09,3.40056556109708e-07,1.7064950326852533e-07,4.707508136923681e-06,3.2337005393899697e-06,7.891061381177002e-07,3.325596848701234e-09,1.6850887642117235e-07,2.1609267679028256e-09,3.40056556109708e-07,1.7064950326852533e-07,4.707508136923681e-06,0.0,0.0,0.0,0.0,0.0,0.0,0.0,0.0,4077.011972245001,816.1372282330626,2.899160801525311,211.26884536521004,2.7092727271680004,426.34760550300007,224.83555747363445,5761.209642348601,1.3166320677255193e-06,3.2126333347157614e-07,1.3464741490574425e-09,6.860906309019267e-08,8.798299775127042e-10,1.3845538708626258e-07,6.951923022839946e-08,1.9167053857285205e-06,1.316631590888361e-06,3.2126333347157614e-07,1.3464741490574425e-09,6.860906309019267e-08,8.798299775127042e-10,1.3845538708626258e-07,6.951923022839946e-08,1.9167049088913622e-06,4.76837158203125e-13,0.0,0.0,0.0,0.0,0.0,0.0,4.76837158203125e-13,480.5135250000001,3144.4101429999996,27.63,49.957,388.32,80.63311688,1776.0063814041455,16.803143595854408,5799.236262354847,48.57860764515317,232.77327627548598,4.440843724514025,432.5573172969151,6.022211703084906,679.3410190867855,4.092625603214401,212.14881066754918,1.8512023124508232
2014,17550.867484662576,3417.3549961593867,11.461446699433496,899.4712306748467,11.534653251533742,1819.6473355828218,965.7697398773006,24676.106886907895,0.02794465662719131,0.0083763101833438,0.0001494092608236356,0.0025906803182010694,1.877242864485419e-05,0.0029541433470685833,0.0007897875403874874,0.04282375970566074,0.02794465662719131,0.0083763101833438,0.0001494092608236356,0.0025906803182010694,1.877242864671683e-05,0.002954143347307002,0.0007897875403874874,0.04282375970590102,0.0,0.0,0.0,0.0,-1.862645149230957e-15,-2.384185791015625e-13,0.0,-2.4028122425079344e-13,156630.94110429444,30497.838901904164,102.28652142224819,8027.239991411042,102.93984588957053,16239.25853803681,8618.914328834355,220219.4192317926,0.0069382728660872,0.0018933978250774372,2.410482320998139e-05,0.0005243159795556309,4.65255457817426e-06,0.0007321542379816462,0.0002626035010374218,0.010379501787527492,0.0069382728660872,0.0018933978288921344,2.410482322488255e-05,0.0005243159795556309,4.65255457817426e-06,0.0007321542360742975,0.0002626035010374218,0.010379501789449741,0.0,-3.814697265625e-12,-1.4901161193847656e-14,0.0,0.0,1.9073486328125e-12,0.0,-1.9222497940063475e-12,1222.9852760736196,238.12924615104293,0.7986602695370552,62.67724785276075,0.803761472392638,126.79725950920246,67.29708220858896,1719.4885335371441,5.7808435224537304e-05,1.4105867784892948e-05,5.925142264955473e-08,3.0123890619277363e-06,3.863032180732207e-08,6.0791019991595676e-06,3.0517775530255575e-06,8.415545336799999e-05,5.7808435224537304e-05,1.4105867784892948e-05,5.925142264955473e-08,3.0123890544771557e-06,3.8630321923737394e-08,6.0791019991595676e-06,3.0517775530255575e-06,8.415545336066582e-05,0.0,0.0,0.0,7.450580596923828e-15,-1.164153218269348e-16,0.0,0.0,7.334165275096893e-15,18724.321104294475,3645.8398612701717,12.227760736470216,959.6100114110429,12.30586188957055,1941.3092280368096,1030.3412488343558,26325.955076472892,0.00045602002618911323,0.0001113381498296823,4.807481040954978e-07,2.3779163889296886e-05,3.0475211764428823e-07,4.795764351321946e-05,2.3995946975131645e-05,0.0006638764306181833,0.00045602002618911323,0.0001113381498296823,4.807481059581429e-07,2.3779163889296886e-05,3.0475211764428823e-07,4.795764351321946e-05,2.3995946855922356e-05,0.0006638764305008367,0.0,0.0,-1.862645149230957e-15,0.0,0.0,0.0,1.1920928955078124e-13,1.173466444015503e-13,21328.65996932515,4152.934478666272,13.92850237302449,1093.080786349693,14.017466503067482,2211.3231336656436,1173.649929754601,29987.59426663745,0.0003064426958467355,7.477363132223185e-05,3.1343537006423974e-07,1.5968589491167753e-05,2.04778247947421e-07,3.222514839351156e-05,1.6180000764489682e-05,0.000446108279436148,0.0003064426958467355,7.477363132223185e-05,3.1343537006423974e-07,1.5968589491167753e-05,2.04778247947421e-07,3.222514839351156e-05,1.6180000764489682e-05,0.000446108279436148,0.0,0.0,0.0,0.0,0.0,0.0,0.0,0.0,5289.900613496932,1030.00426084454,3.4545251954001217,271.104173006135,3.4765899386503074,548.4488766871165,291.0868049079754,7437.475844076749,0.00012501756701567625,3.0504501407647378e-05,1.2775170929404934e-07,6.514594248771537e-06,8.354195619629384e-08,1.3146669372789274e-05,6.601441986144048e-06,0.0001819960676965188,0.00012501756701567625,3.050450128843809e-05,1.2775170975971062e-07,6.514594248771537e-06,8.354195573063256e-08,1.3146669372789274e-05,6.601441986144048e-06,0.0001819960675773095,0.0,1.1920928955078124e-13,-4.656612873077392e-16,0.0,4.656612873077392e-16,0.0,0.0,1.1920928955078124e-13,349.73,3121.13,24.37,373.113,425.00874999999996,105.41,2112.41590399918,30.123621000820094,8876.871872686612,92.07299731338753,255.39747561348864,6.186644386511347,802.426128828465,9.266400171534883,1099.2547056655176,9.187689024482324,315.9676922302033,3.4423207497967496
2015,15477.628574488846,2860.66833961562,8.647675554205156,802.0434426448968,11.073793647677796,1626.7389399649414,897.3747672257267,21684.17553314192,0.11598754180309576,0.03380926096132149,0.0005460777689838458,0.010058041100023696,7.785698000676607e-05,0.01225204707719602,0.003697498657927976,0.17642832434855552,0.11598754180309576,0.03380926096132149,0.0005460777689838458,0.010058041100023696,7.785698000676607e-05,0.012252047076957602,0.003697498657927976,0.17642832434831712,0.0,0.0,0.0,0.0,0.0,2.384185791015625e-13,0.0,2.384185791015625e-13,157978.66470588234,29198.566323251765,88.26599180153471,8186.3802000000005,113.02914559999999,16603.96774117647,9159.417851694647,221328.2919594068,0.05568822854727529,0.014494844998249224,0.00013446638848950613,0.003639705787813963,3.728716861614102e-05,0.005867735242161771,0.0024664626813495315,0.0823287308139554,0.05568822854727529,0.014494844998249224,0.00013446638848950613,0.003639705787813963,3.728716863104218e-05,0.005867735242161771,0.0024664626813495315,0.08232873081397031,0.0,0.0,0.0,0.0,-1.4901161193847656e-14,0.0,0.0,-1.4901161193847656e-14,2911.9241176470587,538.1993172032942,1.6269530494731177,150.89454000000003,2.0833971200000003,306.0507835294118,168.8299479908412,4079.609056540079,0.0007851932236346364,0.00019159632817351515,8.050761793930233e-07,4.0916350122544936e-05,5.24703731355378e-07,8.257056486730837e-05,4.145000869155759e-05,0.0011430562554003109,0.0007851932241114735,0.00019159632817351515,8.050761793930233e-07,4.0916350122544936e-05,5.24703731355378e-07,8.257056486730837e-05,4.145000869155759e-05,0.001143056255877148,-4.76837158203125e-13,0.0,0.0,0.0,0.0,0.0,0.0,-4.76837158203125e-13,15557.457269776884,2875.422758879804,8.692277519773986,806.1801281379314,11.130908760275869,1635.1291430588246,902.0031414309401,21796.015627564437,0.006158792727053544,0.0015032550313662924,6.401669908751318e-06,0.0003210469782493743,4.115713302671092e-06,0.000647673633860778,0.00032459779056439323,0.008965883544305804,0.006158792728960892,0.0015032550313662924,6.401669908751318e-06,0.0003210469783685836,4.115713304533738e-06,0.000647673633860778,0.00032459779056439323,0.008965883546334225,-1.9073486328125e-12,0.0,0.0,-1.1920928955078124e-13,-1.862645149230957e-15,0.0,0.0,-2.028420567512512e-12,62393.97567287647,11532.029595563516,34.860822222168125,3233.2265119386007,44.6410771607808,6557.768805331694,3617.5295928746173,87414.03207796784,0.0041611671963965825,0.0010153434026625213,4.2552947362218025e-06,0.00021683644254911482,2.7806705671104463e-06,0.00043758320308322874,0.0002197115130786838,0.006057677723073463,0.0041611671963965825,0.00101534340456987,4.2552947362218025e-06,0.00021683644254911482,2.7806705671104463e-06,0.00043758320308322874,0.00021971151355552096,0.006057677725457649,0.0,-1.9073486328125e-12,0.0,0.0,0.0,0.0,-4.76837158203125e-13,-2.384185791015625e-12,10001.196828235292,1848.481308819734,5.58787833084958,518.2573219199999,7.155565813759999,1051.1517477270588,579.857672157165,14011.68832300386,0.0016977719376234754,0.0004142594778242706,1.7349643031087395e-06,8.846994209115905e-05,1.1345222293843465e-06,0.0001785353063058084,8.964904949572827e-05,0.0024715551998729353,0.0016977719376234754,0.0004142594780626892,1.7349643031087395e-06,8.84699421507637e-05,1.1345222293843465e-06,0.00017853530618659912,8.964904949572827e-05,0.0024715552000517493,0.0,-2.384185791015625e-13,0.0,-5.960464477539062e-14,0.0,1.1920928955078124e-13,0.0,-1.7881393432617188e-13,325.24064989655176,3319.7,61.190000000000005,326.9181379310347,1311.1218621,210.16112,2421.8116057635975,45.9685691329546,12129.994350747433,158.6505192525674,314.6719798534298,8.102140146570207,1123.32595560647,15.284711324564796,2402.132079600249,17.432177189750746,523.7590227653232,5.8121102146768635
2016,30670.805570257136,5325.546404536889,15.457019066790158,1580.5550228842285,23.376620675276794,3215.288223524399,1841.9563746001213,42672.985235544846,0.4425897541154968,0.12590813996875366,0.0018436714624438114,0.036126289062415905,0.0002968945078844022,0.0467211223344874,0.015469275887367049,0.668955147338849,0.4425897541154968,0.12590813996875366,0.001843671462445674,0.036126289062415905,0.0002968945078844022,0.0467211223344874,0.01546927588712863,0.6689551473386125,0.0,0.0,-1.862645149230957e-15,0.0,0.0,0.0,2.384185791015625e-13,2.3655593395233154e-13,247392.51556674278,42956.169467666106,124.6772218400609,12748.849462309761,188.55719263906408,25934.703282172573,14857.328087868058,344202.80028123833,0.29949161952618675,0.07674747059773304,0.0006227873773789645,0.018598411071293973,0.00020043719961862353,0.031542014672127146,0.013873961190529237,0.4410767016348677,0.29949161952618675,0.07674747059773304,0.0006227873773640634,0.018598411071293973,0.00020043719961862353,0.031542014672127146,0.013873961190529237,0.4410767016348528,0.0,0.0,1.4901161193847656e-14,0.0,0.0,0.0,0.0,1.4901161193847656e-14,19019.77257834898,3302.5112834976158,9.585303741570035,980.1437074733201,14.496456830115395,1993.8847268029244,1142.2455554316489,26462.639612126175,0.004770426681671794,0.0011640730576433526,4.902296198118569e-06,0.0002485881654238213,3.187848808068468e-06,0.0005016592429955703,0.0002517806366266464,0.0069446179293673705,0.004770426681671794,0.0011640730576433526,4.902296198118569e-06,0.0002485881654238213,3.187848808068468e-06,0.0005016592432339888,0.0002517806366266464,0.006944617929605789,0.0,0.0,0.0,0.0,0.0,-2.384185791015625e-13,0.0,-2.384185791015625e-13,46866.08487178982,8137.624856704684,23.61887645206013,2415.144449901872,35.72031018466574,4913.075087831723,2814.575038937258,65205.84349180208,0.037366567038559347,0.009120394826027223,3.881646787637596e-05,0.0019478033007614248,2.4970789928635696e-05,0.003929555111537537,0.0019695552348724184,0.054397662769562954,0.037366567038559347,0.009120394825073548,3.881646787637596e-05,0.0019478033007614248,2.4970789928635696e-05,0.003929555111537537,0.0019695552348724184,0.05439766276860929,0.0,9.5367431640625e-13,0.0,0.0,0.0,0.0,0.0,9.5367431640625e-13,47555.33513454916,8257.303299784891,23.966234607647433,2450.66350277882,36.245641738346386,4985.33071371787,2855.968438672918,66164.81296584966,0.02525619326899217,0.0061626558649757355,2.5837440162476034e-05,0.0013160896678577132,1.6877291289545027e-05,0.002655913026591349,0.0013334936629610752,0.03676706022283006,0.02525619326899217,0.0061626558649757355,2.5837440162476034e-05,0.0013160896678577132,1.6877291289545027e-05,0.002655913026591349,0.0013334936629610752,0.03676706022283006,0.0,0.0,0.0,0.0,0.0,0.0,0.0,0.0,28269.40750826037,4908.578001615951,14.246797980610657,1456.804058465017,21.54632732164929,2963.544365964293,1697.738758335853,39331.86581794375,0.010303973263954049,0.002514195698246483,1.0532065102606198e-05,0.0005369346634208275,6.885551147636288e-06,0.0010835521326609428,0.0005440798861146592,0.015000153260647204,0.010303973263954049,0.002514195698246483,1.0532065100743554e-05,0.0005369346634208275,6.8855511439109984e-06,0.0010835521331377799,0.0005440798861146592,0.015000153261118454,0.0,0.0,1.862645149230957e-15,0.0,3.725290298461914e-15,-4.76837158203125e-13,0.0,-4.712492227554322e-13,659.789917,5321.904145566071,409.1530671433401,1008.1825264367817,1023.0096679220779,608.1310773135299,3063.4308185947207,64.13927330183151,17360.918215719077,249.6307998469929,721.4649185575707,10.462268585769266,2123.0828437404766,23.710349627339838,3407.1252878278096,35.448636884268126,1127.9617160209827,9.74049427254704
2017,19780.315449650043,3325.0542996511203,9.831164699004106,1010.224781738443,17.35961474089658,2043.4628898105582,1157.7098806483555,27343.958080938424,1.4666826882206545,0.41198789151576976,0.0057040057134467755,0.1159060483299215,0.0009835396852006274,0.15477577635412354,0.05355968305019138,2.2095996328693084,1.4666826882206545,0.41198789151576976,0.0057040057134467755,0.1159060483299215,0.0009835396852006274,0.15477577635412354,0.05355968305019138,2.2095996328693084,0.0,0.0,0.0,0.0,0.0,0.0,0.0,0.0,124947.24024947146,21003.52542296776,62.10097612979784,6381.333949458136,109.65628729179069,12908.037249656518,7312.959945697742,172724.8540806732,1.1636848958913468,0.2974384636696655,0.0023649793470494735,0.07165664456483135,0.0007787617753438999,0.12255068116467145,0.054229256616599046,1.7127036830295073,1.1636848958913468,0.2974384636696655,0.0023649793470494735,0.07165664456578502,0.0007787617753438999,0.12255068116467145,0.054229256617552714,1.7127036830314146,0.0,0.0,0.0,-9.5367431640625e-13,0.0,0.0,-9.5367431640625e-13,-1.9073486328125e-12,38939.319681829635,6545.666709063926,19.353526794539174,1988.7178152821502,34.173953882071864,4022.7394212611766,2279.0554203308584,53829.02652844436,0.018839121217183733,0.004597382348759032,1.9453970136968075e-05,0.0009817258053915487,1.258947075469912e-05,0.001981155554032378,0.000993905430559709,0.027425333796818066,0.018839121217183733,0.004597382348759032,1.9453970136968075e-05,0.0009817258053915487,1.258947075469912e-05,0.001981155554032378,0.000993905430559709,0.027425333796818066,0.0,0.0,0.0,0.0,0.0,0.0,0.0,0.0,19488.641780316095,3276.0242024930376,9.686197755029731,995.3283575791937,17.10363588441224,2013.3306949658422,1140.6386923868536,26940.75356138046,0.1474189494660011,0.03598440572734764,0.00015373277188543863,0.007684973775898505,9.851589291802262e-05,0.015503059041794474,0.007767117977580328,0.21461075465342547,0.1474189494660011,0.03598440572734764,0.00015373277188543863,0.007684973775898505,9.851589291802262e-05,0.015503059041794474,0.007767117977580328,0.21461075465342547,0.0,0.0,0.0,0.0,0.0,0.0,0.0,0.0,53762.6587375,9037.4574688071,26.720987036334947,2745.778768140436,47.183223417491526,5554.107479594028,3146.6414875315136,74320.54815202688,0.09952704127362304,0.02428546668087578,0.00010190962935801265,0.0051863260360959455,6.650848902736463e-05,0.010466179634895092,0.005254475215950085,0.14488790695982529,0.09952704127362304,0.02428546668087578,0.00010190962935801265,0.0051863260360959455,6.650848902736463e-05,0.010466179634895092,0.005254475215950085,0.14488790695982529,0.0,0.0,0.0,0.0,0.0,0.0,0.0,0.0,37546.002072502655,6311.45119720998,18.66102343531906,1917.557980578929,32.9511494747715,3878.798702235403,2197.5067935000498,51902.928918937105,0.04059823479810179,0.009906135083529373,4.151714291565029e-05,0.002115556402276706,2.7129505313100117e-05,0.004269263670925223,0.0021436142789234025,0.05910145088198524,0.04059823479810179,0.009906135083529373,4.151714291565029e-05,0.0021155564020382874,2.7129505313100117e-05,0.004269263670925223,0.0021436142789234025,0.05910145088174682,0.0,0.0,0.0,2.384185791015625e-13,0.0,0.0,0.0,2.384185791015625e-13,426.52971320000097,2694.2801131961496,839.6618799316362,420.24025402298855,1159.302614285714,809.6172953639386,3466.9610718825375,87.1387332140157,19924.970871924917,379.8582568373022,1555.715464427607,15.873602647369353,2527.3972608082418,39.63618658256337,4540.872627805077,61.00391119271444,1929.1185501075054,18.200955549963055
2018,15981.792717593748,2636.668393897263,8.354059649123315,795.5606471925245,14.434975229773913,1643.8772209006793,915.6984739047031,21996.386488367818,4.25166239382279,1.190227390877581,0.016227395230595854,0.3330839907573452,0.0028508713453503313,0.4486304237665328,0.15698931632500857,6.399671782125205,4.25166239382279,1.190227390877581,0.016227395230595854,0.3330839907573452,0.0028508713453503313,0.4486304237665328,0.15698931632500857,6.399671782125205,0.0,0.0,0.0,0.0,0.0,0.0,0.0,0.0,136169.443862897,22465.168657369806,71.17897700964954,6778.404200434592,122.9901165624023,14006.303980060182,7802.0128367977295,187415.50263113136,3.638139669943898,0.9333235562236373,0.007731507647268861,0.22686244079121995,0.0024350755521057163,0.3831982732707702,0.16742241365287805,5.359112937081777,3.638139669943898,0.9333235562236373,0.007731507647268861,0.22686244079121995,0.0024350755521057163,0.3831982732707702,0.16742241365287805,5.359112937081777,0.0,0.0,0.0,0.0,0.0,0.0,0.0,0.0,38829.708716975365,6406.106469243501,20.297203731255493,1932.9113287251544,35.07152754470629,3993.999595788458,2224.8007869077105,53442.89562891614,0.05710989037452383,0.01393844204602454,5.9524246710222314e-05,0.002976140999428526,3.81654835478619e-05,0.006005952210129686,0.0030105190511491944,0.08313863441151387,0.05710989037452383,0.01393844204602454,5.9524246710222314e-05,0.002976140999428526,3.81654835478619e-05,0.006005952210129686,0.0030105190511491944,0.08313863441151387,0.0,0.0,0.0,0.0,0.0,0.0,0.0,0.0,23169.67955375,3822.522470138644,12.111337474050488,1153.3678096533367,20.927173587478265,2383.2187732010875,1327.5381919372228,31889.365309741817,0.446032071646792,0.10889044267763279,0.00046878475345283943,0.023254793944467063,0.00029807599523207944,0.04690704835733088,0.023480526981653246,0.6493317443565609,0.446032071646792,0.10889044267810963,0.00046878475345283943,0.023254793944467063,0.00029807599523207944,0.04690704835733088,0.023480526981653246,0.6493317443570378,0.0,-4.76837158203125e-13,0.0,0.0,0.0,0.0,0.0,-4.76837158203125e-13,40330.514191720766,6653.708626934666,21.081710117948365,2007.6202050006004,36.42707571351778,4148.371509911773,2310.7914706273964,55508.514790026675,0.3004191613324085,0.0733065758315475,0.0003081386420901381,0.01565483741473384,0.00020075474915738054,0.031591986196054224,0.01585803749107475,0.4373394916570663,0.3004191613324085,0.0733065758315475,0.0003081386420901381,0.01565483741473384,0.00020075474915738054,0.031591986196054224,0.01585803749107475,0.4373394916570663,0.0,0.0,0.0,0.0,0.0,0.0,0.0,0.0,45353.879193969704,7482.460943178799,23.707541375408482,2257.6792304736296,40.96424814835676,4665.071697768422,2598.6119766061665,62422.374831520494,0.12250863550679192,0.029892974997181677,0.00012540051194497641,0.006383894038418864,8.186588032671038e-05,0.012882911971191725,0.0064679928026231855,0.17834367570847912,0.12250863551442132,0.029892974997181677,0.00012540051194497641,0.006383894038418864,8.186588032671038e-05,0.012882911971191725,0.0064679928026231855,0.17834367571610849,-7.62939453125e-12,0.0,0.0,0.0,0.0,0.0,0.0,-7.62939453125e-12,356.289095,3035.684968380036,865.6476793529412,516.5318,899.1057922077921,1011.093865268936,3797.179445704385,113.20945439216803,22811.154975715686,529.3591214265689,2409.694233608999,27.542512818918567,3024.965428921364,58.599818469440834,5405.916379338767,95.06595186681625,2925.741784884902,32.67158604150245
2019,27862.824999479173,4430.509214909096,13.593081278749741,1326.0088782764476,27.240016669786673,2807.088940864688,1527.384011083875,37994.64914256182,11.051359155049324,3.101061857093397,0.04277050791126719,0.8712411839575434,0.007410792048297757,1.1662072308266558,0.404661898143705,16.64471262503019,11.051359155049324,3.101061857093397,0.04277050791126906,0.8712411839575434,0.007410792048297757,1.1662072308266558,0.404661898143705,16.64471262503019,0.0,0.0,-1.862645149230957e-15,0.0,0.0,0.0,0.0,-1.862645149230957e-15,137280.61477687725,21829.194592031126,66.97334368262038,6533.268396610566,134.2120274965155,13830.575167538856,7525.447116216196,187200.28542045312,9.861822702981375,2.549304128028128,0.02279189337614843,0.6309204360195702,0.006602591581780263,1.0390238985784301,0.44240515958964455,14.552870810155078,9.861822702981375,2.549304128028128,0.02279189337614843,0.6309204360195702,0.006602591581795165,1.0390238985803375,0.44240515958964455,14.552870810157,0.0,0.0,0.0,0.0,-1.4901161193847656e-14,-1.9073486328125e-12,0.0,-1.9222497940063475e-12,59738.60984111519,9499.125138670162,29.143914124464295,2842.9969691405013,58.40329284386195,6018.470525898196,3274.7504073044547,81461.50008909684,0.1451796139883443,0.03544107163911254,0.0001538736119368646,0.00756609111748889,9.702615774061516e-05,0.015268625270184707,0.007641466951960202,0.21134776873676814,0.1451796139807149,0.03544107163911254,0.0001538736119368646,0.00756609111748889,9.702615774061516e-05,0.015268625270184707,0.007641466951960202,0.21134776872913874,7.62939453125e-12,0.0,0.0,0.0,0.0,0.0,0.0,7.62939453125e-12,12025.2870677682,1912.158769495559,5.866623521323729,572.2907643421528,11.756489881808427,1211.5085365280172,659.2020441698276,16398.070295706893,1.1289316606932738,0.27567342866743794,0.0012018732297377932,0.05887185128380445,0.0007544698483117545,0.11872795605317638,0.05934768685102987,1.6435089266267722,1.1289316606932738,0.27567342866743794,0.0012018732297377932,0.05887185128380445,0.0007544698483136172,0.11872795605317638,0.05934768685102987,1.643508926626774,0.0,0.0,0.0,0.0,-1.862645149230957e-15,0.0,0.0,-1.862645149230957e-15,38463.27294642856,6116.102198104496,18.764586699924095,1830.490677649805,37.603516379076915,3875.049573020602,2108.4792411906587,52449.76273947311,0.7574681397801672,0.18484033915172002,0.0007793114284038024,0.0394720203345372,0.0005061819124215303,0.07965585899836505,0.039973007424542926,1.1026948590301577,0.7574681397801672,0.18484033915172002,0.0007793114284038024,0.0394720203345372,0.0005061819124215303,0.0796558589988419,0.039973007424542926,1.1026948590306347,0.0,0.0,0.0,0.0,0.0,-4.76837158203125e-13,0.0,-4.76837158203125e-13,62957.77664627639,10011.009636916939,30.714408000560034,2996.199085737665,61.55050269918186,6342.791104939827,3451.218655133133,85851.26003970372,0.3087394222201435,0.07533629730557494,0.00031658388176411897,0.016088441250448032,0.00020631520482365488,0.03246701326244738,0.016297675287518756,0.4494517484127204,0.3087394222125141,0.07533629730557494,0.00031658388176411897,0.01608844125092487,0.00020631520482365488,0.03246701326244738,0.016297675287518756,0.44945174840556784,7.62939453125e-12,0.0,0.0,-4.76837158203125e-13,0.0,0.0,0.0,7.152557373046875e-12,633.0961420000001,3119.275507356264,1357.3743301176467,273.237291954023,873.9583912087908,1430.5198953946822,4401.620439888748,141.86460220780555,25759.17709600883,700.6125084896885,3748.9932241135148,45.6178524320494,3275.495010579234,81.30752876559382,6239.316645761274,135.62407665310002,4334.3130110675465,54.62025525353965
2020,22052.401993000505,3380.9113407858035,8.535104997068466,995.2701949070906,20.696612437670403,2137.390332258225,1088.347597672104,29683.553176058467,296.56848633446475,89.64746129057866,1.636973832055099,27.9552789161886,0.19925928298356016,31.356650558955426,8.120610827016396,455.4847210422425,296.56848633446475,89.64746129057866,1.636973832055099,27.955278916188483,0.19925928298356016,31.356650558955426,8.120610827016396,455.48472104224237,0.0,0.0,0.0,1.1920928955078124e-13,0.0,0.0,0.0,1.1920928955078124e-13,161113.7002922076,24700.762150389903,62.35703253081819,7271.392202215618,151.2083724215252,15615.662434786718,7951.410858587804,216866.49334313994,24.364107363030502,6.363782278261278,0.06252887444180966,1.6128055690218732,0.016318419615727987,2.5679655882433345,1.0542485141178677,36.04175660673239,24.364107363030502,6.363782278261278,0.06252887444180966,1.6128055690218732,0.016318419615727987,2.5679655882433345,1.0542485141178677,36.04175660673239,0.0,0.0,0.0,0.0,0.0,0.0,0.0,0.0,124038.19613897621,19016.619783640137,48.00742468004901,5598.098551184885,116.41228351319569,12022.184310913002,6121.63123229317,166961.1497252006,0.3266187784283693,0.07976563539865247,0.00035616804458514853,0.017023529404475116,0.00021830660297386862,0.03435405248023777,0.017145324955931702,0.47548179531522533,0.3266187784283693,0.07976563539865247,0.00035616804458514853,0.017023529404475116,0.00021830660295896746,0.03435405248214512,0.017145324955931702,0.47548179531711776,0.0,0.0,0.0,0.0,1.4901161193847656e-14,-1.9073486328125e-12,0.0,-1.8924474716186523e-12,13828.294757926435,2120.0519828017677,5.352067667131017,624.0993440679398,12.978126254433102,1340.2831826025285,682.4649480119173,18613.524409332153,2.516737864906008,0.6147888925624972,0.0027329109179272597,0.13128663244613573,0.001682028484073457,0.2646942147388415,0.13201649783500966,3.663939041890494,2.516737864906008,0.6147888925624972,0.0027329109179272597,0.13128663244613573,0.001682028484073457,0.2646942147388415,0.13201649783500966,3.663939041890494,0.0,0.0,0.0,0.0,0.0,0.0,0.0,0.0,42859.530747799676,6570.906589313347,16.588242640128904,1934.3386509337358,40.22451148084363,4154.084742992972,2115.237484856618,57690.91097001733,1.678857874681498,0.409707508669252,0.0017363490705858077,0.08748750540473064,0.0011219236421943057,0.17655271615506346,0.08855437495286873,2.4440182525761927,1.678857874681498,0.409707508669252,0.0017363490705858077,0.08748750540496907,0.0011219236421943057,0.17655271615458662,0.08855437495310715,2.4440182525761927,0.0,0.0,0.0,-2.384185791015625e-13,0.0,4.76837158203125e-13,-2.384185791015625e-13,0.0,136691.37792233855,20956.51212742982,52.904679641312185,6169.162633171012,128.28754315868744,13248.571732321729,6746.101074680489,183992.91771274162,0.6837570282223701,0.16685175802156013,0.0007033261709753053,0.035631084801723646,0.00045692646327533625,0.0719047224954386,0.03608360638388015,0.9953884525592233,0.6837570282071113,0.16685175802156013,0.0007033261709753053,0.035631084801723646,0.00045692646327533625,0.07190472249734595,0.03608360638388015,0.9953884525458718,1.52587890625e-11,0.0,0.0,0.0,0.0,-1.9073486328125e-12,0.0,1.33514404296875e-11,503.243961,3676.6741660229254,2830.5974632643674,315.56679540229885,978.0703266233767,3119.3477464277803,4867.53819784945,179.19080524710353,29242.245762464736,894.218008056705,6551.46736595685,73.74117385308182,3566.450336997818,105.9189977493088,7170.561851941824,182.44919709592705,7421.141089449682,87.13992329918437
2021,20397.12882117991,2858.8620587291553,7.881039633887064,874.0409927832202,18.584699901005173,1819.5975561110533,918.7000216115601,26894.795189949793,212.9496438488164,62.53482243469175,1.067263014342756,19.15044126720846,0.1430325805122966,22.50847528280951,6.300581708979817,324.654260137361,212.9496438488164,62.53482243469175,1.067263014342756,19.15044126720858,0.1430325805122966,22.50847528280951,6.300581708979817,324.6542601373611,0.0,0.0,0.0,-1.1920928955078124e-13,0.0,0.0,0.0,-1.1920928955078124e-13,159657.52790740185,22377.602893354615,61.68845215019224,6841.513108089879,145.4708292087837,14242.81084568036,7191.079471276953,210517.6935071626,56.69000057085446,14.983461823465392,0.16242548107785656,3.8982437092644404,0.03798697914996549,5.977861685527932,2.347336741703373,84.09731699104341,56.69000057085446,14.983461823465392,0.16242548107785656,3.8982437092644404,0.03798697914996549,5.977861685527932,2.347336741703373,84.09731699104341,0.0,0.0,0.0,0.0,0.0,0.0,0.0,0.0,82655.35397173376,11584.976370559029,31.936363510524522,3541.879265344737,75.31084214073064,7373.561318605263,3722.851198610526,108985.86933050457,0.6748846486143012,0.16492770410420737,0.0007698644700411158,0.03518114553322268,0.000451156525647052,0.07099673005336872,0.035267702566074345,0.9824789518668625,0.6748846486143012,0.16492770410420737,0.0007698644700411158,0.03518114553322268,0.000451156525647052,0.07099673005336872,0.035267702566074345,0.9824789518668625,0.0,0.0,0.0,0.0,0.0,0.0,0.0,0.0,42917.27868829126,6015.286797544663,16.582371827243982,1839.0559377806742,39.103775437329375,3828.5866653478524,1933.022299565088,56588.916535794124,5.110102327575285,1.24898824465902,0.005713370526453146,0.2666987072768534,0.003415524049040066,0.5374876028373564,0.2671725776675761,7.439578354591585,5.110102327575285,1.2489882446580662,0.005713370526453146,0.2666987072768534,0.003415524049040066,0.5374876028373564,0.26717257766781455,7.43957835459087,0.0,9.5367431640625e-13,0.0,0.0,0.0,0.0,-2.384185791015625e-13,7.152557373046875e-13,40679.371533009384,5701.6216776504125,15.717689589740926,1743.1589804732243,37.064722134688125,3628.94629310458,1832.225497723681,53638.10639368572,3.380089746775588,0.8249552062989262,0.0035262408255703603,0.17614582117432168,0.002258861548808193,0.3554681685245546,0.17814735764114173,4.920591402788911,3.380089746775588,0.8249552062989262,0.0035262408255703603,0.17614582117432168,0.002258861548808193,0.3554681685245546,0.17814735764114173,4.920591402788911,0.0,0.0,0.0,0.0,0.0,0.0,0.0,0.0,247476.10725118703,34686.25705436316,95.61978192055503,10604.642661635242,225.4861076896522,22076.97582821306,11146.485717339232,326311.5744023479,1.3749392250404369,0.33553664677665795,0.0014218682657167491,0.07165065515349321,0.0009188347952500528,0.14459342225951946,0.0725225536172537,2.0015832059083283,1.3749392250404369,0.33553664677665795,0.0014218682657167491,0.07165065515349321,0.0009188347952500528,0.14459342225951946,0.0725225536172537,2.0015832059083283,0.0,0.0,0.0,0.0,0.0,0.0,0.0,0.0,469.66925100000003,3676.313083384415,1903.2422911764709,988.2237011494253,936.6931064935064,5698.445058226438,5297.525919033753,218.87233506280063,32698.303446463236,1114.4734074426233,8405.561632073412,122.88919891299156,4527.834563923826,132.7584719727265,8053.4153260368175,236.2888294944396,13063.903005813685,142.82306516161952
2022,30773.58377735639,4058.2818397632363,10.46704167681935,1246.8960013160188,26.979430952086446,2539.664186606445,1292.6211996186996,39948.493477289696,40.63567240477956,10.197790315660246,0.06604967248953447,2.340605056060928,0.027178115778617184,4.276913315977668,1.9997667974316622,59.543975678178214,40.63567240477956,10.197790315660246,0.06604967248953447,2.340605056060928,0.027178115778617184,4.276913315977668,1.9997667974316622,59.543975678178214,0.0,0.0,0.0,0.0,0.0,0.0,0.0,0.0,229882.47417914803,30315.866913347225,78.19009496625468,9314.467235939084,201.5396836482433,18971.605355592306,9656.040118519204,298420.1835811604,697.8771059789517,201.30525728831574,3.326709887478002,61.303984129652314,0.46877169890295844,73.76876071320426,21.09033009868176,1059.1409197951868,697.8771059789517,201.30525728831574,3.326709887478002,61.303984129652314,0.46877169890295844,73.76876071320426,21.09033009868176,1059.1409197951868,0.0,0.0,0.0,0.0,0.0,0.0,0.0,0.0,92918.03213563819,12253.612225692843,31.60427858933348,3764.888859169248,81.46193340184809,7668.284597989028,3902.9519289772934,120620.83595945779,1.317903281334588,0.3224033990537302,0.0016053797454371284,0.06871918763187153,0.0008812422037241166,0.1386776229902309,0.0683829931391641,1.9185731060987457,1.317903281334588,0.3224033990537302,0.001605379745433403,0.06871918763187153,0.0008812422037241166,0.13867762299118455,0.0683829931391641,1.9185731060996956,0.0,0.0,3.725290298461914e-15,0.0,0.0,-9.5367431640625e-13,0.0,-9.499490261077882e-13,26106.15193145537,3442.7619173650423,8.87950465129074,1057.7791877796208,22.887458560404422,2154.4731218210895,1096.5692416980096,33889.50236333083,9.675767747980094,2.3668097969916007,0.011273780080500648,0.5053277271329434,0.006467870618357992,1.0178233968928845,0.5034482769579769,14.086918596654357,9.675767747980094,2.3668097969916007,0.011273780080500648,0.5053277271329434,0.006467870618357992,1.0178233968928845,0.5034482769579769,14.086918596654357,0.0,0.0,0.0,0.0,0.0,0.0,0.0,0.0,12460.258528352302,1643.2028609412457,4.238116894795124,504.8695870709208,10.924001801122234,1028.3128727957444,523.383771061763,16175.189738917894,6.323844356816002,1.5436332927729155,0.0066887896908221466,0.32956782508265586,0.004226317137976678,0.6650789235873952,0.33286988707402354,9.205909392161793,6.323844356816002,1.5436332927729155,0.0066887896908221466,0.32956782508265586,0.004226317137976678,0.6650789235873952,0.33286988707402354,9.205909392161793,0.0,0.0,0.0,0.0,0.0,0.0,0.0,0.0,220159.84893799468,29033.69081918593,74.88313129431052,8920.522136037895,193.015785415769,18169.22226939089,9247.648570963725,285798.8316502832,2.5675683907702087,0.6266445966556916,0.002678620538557276,0.13380568576962287,0.001715899470325737,0.270024358836259,0.13531463673997432,3.7377521887806395,2.5675683907702087,0.6266445966556916,0.002678620538557276,0.13380568576962287,0.0017158994702959347,0.270024358836259,0.13531463673997432,3.7377521887806093,0.0,0.0,0.0,0.0,2.980232238769531e-14,0.0,0.0,2.980232238769531e-14,684.635248,5114.30991785562,2067.1937475694117,580.7965666666666,277.20957849503435,4898.00583083908,5941.726072642986,259.30742945356815,37556.89418569616,1370.192586065321,10409.69044109019,185.95413746562554,5074.50146639812,166.88813616509924,8270.11215697557,296.8015770507209,17863.8840169481,240.84788486628167
2023,67621.14966767073,8610.218842635106,21.130687942504217,2626.3569490243362,58.74112295792329,5451.612095716864,2716.5303890503897,87105.73975499783,61.67096082968738,15.060698315845803,0.06672398989588717,3.214276166551518,0.04121785431730598,6.486291831352334,3.238269240982863,89.77843822863308,61.67096082968738,15.060698315845803,0.06672398989588717,3.214276166551518,0.04121785431730598,6.486291831352334,3.238269240982863,89.77843822863308,0.0,0.0,0.0,0.0,0.0,0.0,0.0,0.0,290833.2072715275,37031.86907676195,90.88141471085379,11295.753158272533,252.64091593449623,23446.95170652522,11683.581979615721,374634.88552334835,1198.971925853016,341.83059485589536,5.412951291568775,102.76852196966492,0.8053570464224055,126.73587469296186,37.17708703159401,1813.7023127411235,1198.971925853016,341.83059485589536,5.412951291568775,102.76852196966682,0.8053570464224055,126.73587469296186,37.17708703159401,1813.7023127411253,0.0,0.0,0.0,-1.9073486328125e-12,0.0,0.0,0.0,-1.9073486328125e-12,142687.7032199453,18168.46292786518,44.58796315636754,5541.888044402633,123.94991745361708,11503.472103134187,5732.163440665387,183802.22761662264,2.490851513113791,0.6102617566433823,0.003308506009891807,0.12992995944475716,0.0016661979368290327,0.26220301478725533,0.12791133946012323,3.62613228739603,2.490851513113791,0.6102617566433823,0.003308506009891807,0.12992995944475716,0.0016661979368290327,0.26220301478725533,0.12791133946012323,3.62613228739603,0.0,0.0,0.0,0.0,0.0,0.0,0.0,0.0,42623.11832190416,5427.212910616669,13.319143741609421,1655.4513424272498,37.02583949698955,3436.2726534943254,1712.2896721896486,54904.68988387064,17.39193286562748,4.259073497979533,0.021424229594404168,0.9091640640062998,0.011627675653624998,1.8298016593752497,0.8987632112201395,25.321787203456733,17.39193286562748,4.259073497979533,0.021424229594404168,0.9091640640062998,0.011627675653624998,1.8298016593747728,0.8987632112201395,25.321787203456257,0.0,0.0,0.0,0.0,0.0,4.76837158203125e-13,0.0,4.76837158203125e-13,40240.999217933815,5123.897056106546,12.574763977656069,1562.9315451025495,34.956540884433736,3244.2263871343835,1616.593296601898,51836.17880774127,11.181784942136392,2.729964189828805,0.012078593832686215,0.5827808980605232,0.00747347563137312,1.1760714548835687,0.5873978739730749,16.277551428346424,11.181784942136392,2.729964189828805,0.012078593832686215,0.5827808980602848,0.00747347563137312,1.1760714548835687,0.5873978739730749,16.277551428346186,0.0,0.0,0.0,2.384185791015625e-13,0.0,0.0,0.0,2.384185791015625e-13,519376.47826499,66132.34411950095,162.29807302642334,20172.20987153959,451.1718259916395,41872.093347356094,20864.803297471273,669031.398799876,4.527300388688795,1.1051020064951216,0.0047890131595161945,0.2359486922290182,0.003025762726703138,0.4761523838213628,0.23826952179694402,6.590587768917461,4.527300388688795,1.105102006502751,0.0047890131595161945,0.2359486922290182,0.003025762726703138,0.4761523838213628,0.23826952179694402,6.59058776892509,0.0,-7.62939453125e-12,0.0,0.0,0.0,0.0,0.0,-7.62939453125e-12,1526.915064678161,6567.140719641924,3221.9505977288095,962.4486094827586,908.6593207234617,11727.747499114943,7422.993777379452,304.9547893952631,43824.219018288386,1670.00847311502,13553.524982170971,264.070194113654,5998.587154273781,205.25105777219687,9116.549007998427,359.02404675132675,29457.57272260267,374.90667832665713
2024,81304.55906631955,9706.790797352658,21.21260797022544,2921.248704052997,67.57396394551452,6040.140451345259,3055.242362697605,103116.76795368381,103.92929767727587,25.391599960829428,0.11578883703204863,5.417340488595865,0.06946756223137872,10.931837392858906,5.440770964201126,151.29610288302464,103.92929767727587,25.391599960829428,0.11578883703204863,5.417340488596342,0.06946756223137872,10.931837392858906,5.440770964201126,151.2961028830251,0.0,0.0,0.0,-4.76837158203125e-13,0.0,0.0,0.0,-4.76837158203125e-13,224943.86066997924,26855.603446435045,58.688540796452564,8082.166227982974,186.9556702014607,16711.147907539078,8452.884072430388,285291.30653536465,1994.838190210597,554.6873651109876,8.514752661509899,166.64708852523313,1.339946622394703,210.86213608200205,63.321501488686266,3000.210980701411,1994.838190210597,554.6873651109876,8.514752661509906,166.64708852523313,1.339946622394703,210.86213608200205,63.321501488686266,3000.210980701411,0.0,0.0,-7.450580596923828e-15,0.0,0.0,0.0,0.0,-7.450580596923828e-15,214456.24022155086,25603.50714551428,55.952288565731244,7705.349134385789,178.23918376829192,15932.019390806865,8058.782897220823,271990.0902618127,4.6481641337851105,1.1410530366018345,0.0068363371033706285,0.24258581327506656,0.0031108763880499783,0.4895463209383412,0.23541593338259545,6.766712451474369,4.648164133754594,1.1410530366018345,0.006836337103363179,0.24258581327506656,0.0031108763880499783,0.4895463209383412,0.23541593338259545,6.766712451443844,3.0517578125e-11,0.0,7.450580596923828e-15,0.0,0.0,0.0,0.0,3.0525028705596923e-11,72908.05076987653,8704.348248032307,19.02193329150408,2619.564650154533,60.595445699947966,5416.361293155214,2739.720476340539,92467.66281655057,30.10421357156136,7.383347931269197,0.03981646603128472,1.575643664872652,0.020131118192600366,3.1679549816695767,1.541192709431161,43.83230044302783,30.10421357156136,7.383347931269197,0.03981646603128472,1.575643664872652,0.020131118192600366,3.1679549816695767,1.541192709431161,43.83230044302783,0.0,0.0,0.0,0.0,0.0,0.0,0.0,0.0,8875.867752975255,1059.6723284954096,2.3157410261071703,318.90729706282474,7.376924177590958,659.390918187088,333.53513598753665,11257.066097911811,18.939338773603186,4.625050946320927,0.02109652821290589,0.9871994518883699,0.012659668990602568,1.992201954360831,0.9919066045700603,27.569453927946885,18.939338773603186,4.625050946321047,0.02109652821290589,0.9871994518883699,0.012659668990602568,1.992201954360831,0.9919066045700603,27.569453927947002,0.0,-1.1920928955078124e-13,0.0,0.0,0.0,0.0,0.0,-1.1920928955078124e-13,527229.7693234559,62944.921314742096,137.55585831008833,18943.209311522132,438.1919763466701,39168.060111443774,19812.108258263575,668673.8161540839,7.637338498526595,1.8646439983581384,0.008249770998282386,0.39807076880417336,0.005104787465156093,0.803320241195417,0.40109378823778535,11.11782185358555,7.637338498526595,1.8646439983581384,0.008249770998282386,0.39807076880417336,0.005104787465156093,0.803320241195417,0.40109378823778535,11.11782185358555,0.0,0.0,0.0,0.0,0.0,0.0,0.0,0.0,1793.077848,4960.876219523374,4729.583901844489,1607.9025859999997,195.7469794117647,11627.441696214253,9158.5874535335,362.4389612412142,48426.02479705287,2029.0789138739055,18181.377572894133,365.80150523498014,7560.979522714855,250.7612753311223,9243.591720653942,427.7283135075759,40863.94936301745,595.9717341261348
2025,94657.31080113721,11098.779021334321,21.565549204691237,3326.10946985953,75.75467309275994,6659.299495297069,3489.1295563207664,119327.94856624636,169.13365805590286,41.34682863805567,0.19618103959476976,8.81745082818076,0.11306564355812022,17.792695891940223,8.81617007035911,246.2160501675915,169.13365805590286,41.34682863805567,0.19618103959476976,8.81745082818076,0.11306564355812022,17.79269589193927,8.81617007035911,246.21605016759057,0.0,0.0,0.0,0.0,0.0,9.5367431640625e-13,0.0,9.5367431640625e-13,199227.97035121106,23359.920106355614,45.38963299502686,7000.55846968025,159.44304393558522,14016.019588768417,7343.671544383836,251152.97273732978,2641.055976625096,691.9585226648231,10.469297892217048,185.15691615835036,1.7738579235647187,279.14505010570184,86.9041831467992,3896.4638045165525,2641.055976625096,691.958522664827,10.469297892217048,185.15691615835036,1.7738579235647187,279.14505010570184,86.90418314679823,3896.4638045165552,0.0,-3.814697265625e-12,0.0,0.0,0.0,0.0,9.5367431640625e-13,-2.86102294921875e-12,129712.84652166016,15209.118108126779,29.55216824213664,4557.906024654847,103.80977656151262,9125.514828854191,4781.299223512131,163520.04665161174,8.692991919541232,2.138953599323063,0.014220989243868299,0.45396181211469416,0.005821526306259559,0.9161102489111341,0.43302349224208214,12.655083587682336,8.692991919541232,2.138953599323063,0.014220989243868299,0.45396181211469416,0.005821526306259559,0.9161102489111341,0.43302349224208214,12.655083587682336,0.0,0.0,0.0,0.0,0.0,0.0,0.0,0.0,49546.29232249448,5809.41234395593,11.288013529515288,1740.9790189000128,39.65212138483654,3485.6641992523696,1826.3083060927956,62459.59632560995,50.777703423732824,12.477963938448475,0.07314202238565813,2.661810123465858,0.03396562573931333,5.34503659167161,2.5678963505582293,73.93751807600198,50.777703423732824,12.47796393844943,0.07314202238565813,2.661810123465858,0.03396562573931333,5.34503659167161,2.5678963505582293,73.93751807600293,0.0,-9.5367431640625e-13,0.0,0.0,0.0,0.0,0.0,-9.5367431640625e-13,20274.068246418152,2377.179336978827,4.618992581206376,712.398966506237,16.225428329506908,1426.3144737402442,747.3152379540458,25558.12068250822,31.082010426770246,7.592525361820843,0.036127856864438895,1.6203741778044116,0.020779406719254958,3.269970977422937,1.6207245451775274,45.24251275257965,31.082010426770246,7.592525361820843,0.036127856864438895,1.6203741778044116,0.020779406719254958,3.269970977422937,1.6207245451774082,45.242512752579536,0.0,0.0,0.0,0.0,0.0,0.0,1.1920928955078124e-13,1.1920928955078124e-13,430578.39729660883,50486.26928558321,98.09764861041828,15129.84969300421,344.5938348759559,30291.90750862404,15871.397566713615,542800.5128340203,12.463805015755337,3.0438828764033614,0.013875288657061164,0.6497233619508713,0.008331939852950415,1.3111639052240354,0.652481773343542,18.143264161187158,12.463805015755337,3.0438828764033614,0.013875288657076065,0.6497233619508713,0.008331939852950415,1.3111639052240354,0.652481773343542,18.143264161187172,0.0,0.0,-1.4901161193847656e-14,0.0,0.0,0.0,0.0,-1.4901161193847656e-14,2110.251184500928,4441.506491797652,2891.7648906420436,1104.564678377881,451.98174519809584,9599.137829138115,11197.227706476308,434.0498927993358,52463.72046812372,2432.8897346007143,20936.63490367019,502.3090651009661,8607.968717199594,308.3367592242648,9625.709702101813,497.59207725780107,50156.39201828193,902.6669079997664
2026,0.0,0.0,0.0,0.0,0.0,0.0,0.0,0.0,268.1406144028478,65.60260186691764,0.32785166484965383,13.981837344345966,0.1792839044894369,28.213201328410406,13.89413622443292,390.33952673629386,268.1406144028478,65.60260186691764,0.32785166484965383,13.981837344345966,0.1792839044894369,28.213201328410406,13.89413622443292,390.33952673629386,0.0,0.0,0.0,0.0,0.0,0.0,0.0,0.0,0.0,0.0,0.0,0.0,0.0,0.0,0.0,0.0,3277.6906383669007,846.3278364898827,11.95608272029258,187.8893729913552,2.201172941537933,346.3899159129652,119.05710748637787,4791.5121269093115,3277.6906383669007,846.3278364898827,11.95608272029258,187.8893729913552,2.201172941537933,346.3899159129652,119.05710748637787,4791.5121269093115,0.0,0.0,0.0,0.0,0.0,0.0,0.0,0.0,0.0,0.0,0.0,0.0,0.0,0.0,0.0,0.0,16.426557253763658,4.051672028903147,0.02966223878621144,0.8583814622451112,0.011007743854081568,1.7322429532908508,0.8038296349788904,23.913353315821954,16.426557253763658,4.051672028903147,0.02966223878621144,0.8583814622451112,0.011007743854081568,1.7322429532908508,0.8038296349788904,23.913353315821954,0.0,0.0,0.0,0.0,0.0,0.0,0.0,0.0,0.0,0.0,0.0,0.0,0.0,0.0,0.0,0.0,84.26952901131796,20.7568445852019,0.13354887374231897,4.425567813465971,0.05638896448541349,8.873706098388366,4.197344758570147,122.71293010517205,84.26952901131796,20.7568445852019,0.13354887374231897,4.425567813465971,0.05638896448541349,8.873706098388366,4.197344758570147,122.71293010517205,0.0,0.0,0.0,0.0,0.0,0.0,0.0,0.0,0.0,0.0,0.0,0.0,0.0,0.0,0.0,0.0,49.929109969705884,12.200149005331747,0.06134812874150798,2.6034584757622343,0.033386390971439174,5.253872235671763,2.587719366880773,72.66904357306535,49.929109969705884,12.200149005331747,0.06134812874150798,2.6034584757622343,0.033386390971439174,5.253872235671763,2.587719366880773,72.66904357306535,0.0,0.0,0.0,0.0,0.0,0.0,0.0,0.0,0.0,0.0,0.0,0.0,0.0,0.0,0.0,0.0,19.87296154235468,4.855106718797451,0.023050614233921688,1.0361560777281327,0.01328750845800072,2.0909991262317598,1.0356042747160075,28.927165862519956,19.87296154235468,4.855106718797451,0.023050614233921688,1.0361560777281327,0.01328750845800072,2.0909991262317598,1.0356042747160075,28.927165862519956,0.0,0.0,0.0,0.0,0.0,0.0,0.0,0.0,0.0,0.0,0.0,0.0,0.0,0.0,11108.661756367912,522.6158429077313,52019.346434696265,2877.2637680281696,20779.33607125645,659.6078975147066,8541.986609938871,374.31886648498767,9552.663045228619,570.6387341309946,49779.878622020056,1279.1803042616375
2027,0.0,0.0,0.0,0.0,0.0,0.0,0.0,0.0,417.2506206170504,102.18668146935492,0.5444320431893843,21.762772845549883,0.279047870614362,43.91265416981789,21.451756030766898,607.3879650463438,417.2506206170504,102.18668146935492,0.5444320431893843,21.762772845549883,0.279047870614362,43.91265416981789,21.451756030766898,607.3879650463438,0.0,0.0,0.0,0.0,0.0,0.0,0.0,0.0,0.0,0.0,0.0,0.0,0.0,0.0,0.0,0.0,866.1019365130772,213.88693397043366,1.5846998823292455,45.5963664571386,0.5798704922294222,91.25182358076809,42.0151774555377,1261.016808351514,866.1019365130772,213.88693397043366,1.5846998823292455,45.5963664571386,0.5798704922294222,91.25182358076809,42.0151774555377,1261.016808351514,0.0,0.0,0.0,0.0,0.0,0.0,0.0,0.0,0.0,0.0,0.0,0.0,0.0,0.0,0.0,0.0,31.382892591564072,7.758292961885239,0.06152469015859269,1.6409571243942818,0.02104340938735069,3.311507871750365,1.5098479958483175,45.686066644988216,31.382892591564072,7.758292961885239,0.06152469015859269,1.6409571243942818,0.02104340938735069,3.311507871750365,1.5098479958483175,45.686066644988216,0.0,0.0,0.0,0.0,0.0,0.0,0.0,0.0,0.0,0.0,0.0,0.0,0.0,0.0,0.0,0.0,138.54821914994463,34.216511138759564,0.24241000589329242,7.290611100653311,0.0927486603000161,14.59547347036576,6.780497498981726,201.7664710248983,138.54821914994463,34.216511138759564,0.24241000589329242,7.290611100653311,0.0927486603000161,14.59547347036576,6.780497498981726,201.7664710248983,0.0,0.0,0.0,0.0,0.0,0.0,0.0,0.0,0.0,0.0,0.0,0.0,0.0,0.0,0.0,0.0,79.216592668564,19.361947585368046,0.10413280430618975,4.13171336679735,0.05298479490206654,8.33795500398787,4.073126633422881,115.27845285734841,79.216592668564,19.361947585368046,0.10413280430618975,4.13171336679735,0.05298479490206654,8.33795500398787,4.073126633422881,115.27845285734841,0.0,0.0,0.0,0.0,0.0,0.0,0.0,0.0,0.0,0.0,0.0,0.0,0.0,0.0,0.0,0.0,31.238544931673257,7.635165389768671,0.038182719835068685,1.6291746092461397,0.020892373852175645,3.287733740248092,1.6177750609309232,45.467468825554334,31.238544931673257,7.635165389768671,0.038182719835068685,1.6291746092461397,0.020892373852175645,3.287733740248092,1.6177750609309232,45.467468825554334,0.0,0.0,0.0,0.0,0.0,0.0,0.0,0.0,0.0,0.0,0.0,0.0,0.0,0.0,11018.283694782613,612.9939044930306,51614.81635665188,3281.7938460725563,20622.975043453094,815.9689253180622,8475.6149939193,440.69048250455853,9479.677719312998,643.6240600466153,49405.99976654774,1653.0591597339517
2028,0.0,0.0,0.0,0.0,0.0,0.0,0.0,0.0,676.68770330203,166.33692623152268,1.0348476243214995,35.417618009998336,0.4527951827846037,71.25454414869071,33.963111420028945,985.1475459193766,676.68770330203,166.33692623152268,1.0348476243214995,35.417618009998336,0.4527951827846037,71.25454414869071,33.963111420028945,985.1475459193766,0.0,0.0,0.0,0.0,0.0,0.0,0.0,0.0,0.0,0.0,0.0,0.0,0.0,0.0,0.0,0.0,6497.1541989100515,1655.2581900793427,21.852760664708896,355.6946679972698,4.362937707380794,686.5778774626473,256.47506249698364,9477.375695318386,6497.1541989100515,1655.2581900793427,21.852760664708896,355.6946679972698,4.362937707380794,686.5778774626473,256.47506249698364,9477.375695318386,0.0,0.0,0.0,0.0,0.0,0.0,0.0,0.0,0.0,0.0,0.0,0.0,0.0,0.0,0.0,0.0,60.276860940549895,14.929696500968996,0.12571447428034332,3.1534669721067776,0.040439774190417825,6.363806546174271,2.858000083438701,87.7479852917094,60.276860940549895,14.929696500968996,0.12571447428034332,3.1534669721067776,0.040439774190417825,6.363806546174271,2.858000083438701,87.7479852917094,0.0,0.0,0.0,0.0,0.0,0.0,0.0,0.0,0.0,0.0,0.0,0.0,0.0,0.0,0.0,0.0,1003.9953524713551,255.77807121775672,3.350264357451998,54.948558608823305,0.6741728291782157,106.09185224084848,39.77984472204401,1464.6181164474579,1003.9953524713551,255.77807121775672,3.350264357451998,54.948558608823305,0.6741728291782157,106.09185224084848,39.77984472204401,1464.6181164474579,0.0,0.0,0.0,0.0,0.0,0.0,0.0,0.0,0.0,0.0,0.0,0.0,0.0,0.0,0.0,0.0,125.05543812102749,30.570982162488438,0.1773215633894573,6.524661415033373,0.08367267488633957,13.167042340475742,6.3678386852302316,181.94695696253106,125.05543812102749,30.570982162488438,0.1773215633894573,6.524661415033373,0.08367267488633957,13.167042340475742,6.3678386852302316,181.94695696253106,0.0,0.0,0.0,0.0,0.0,0.0,0.0,0.0,0.0,0.0,0.0,0.0,0.0,0.0,0.0,0.0,48.79279588817296,11.931473098479564,0.06345401684320855,2.54552382358539,0.0326438367355656,5.1369669446505455,2.506816553203049,71.00967416167028,48.79279588817296,11.931473098479564,0.06345401684320855,2.54552382358539,0.0326438367355656,5.1369669446505455,2.506816553203049,71.00967416167028,0.0,0.0,0.0,0.0,0.0,0.0,0.0,0.0,0.0,0.0,0.0,0.0,0.0,0.0,10924.37040296346,706.9071963121842,51126.76674346034,3769.8434592640915,20467.325056052206,971.61891271895,8396.436587200866,519.868889222993,9406.487951297588,716.813828062026,49034.63624573683,2024.4226805448634
2029,0.0,0.0,0.0,0.0,0.0,0.0,0.0,0.0,3346.640155041753,840.369373498938,9.720506228328945,175.1595140754922,2.2462152736448284,353.47787449913443,145.1174793594184,4872.73111797671,3346.640155041753,840.369373498938,9.720506228328945,175.1595140754922,2.2462152736448284,353.47787449913443,145.1174793594184,4872.73111797671,0.0,0.0,0.0,0.0,0.0,0.0,0.0,0.0,0.0,0.0,0.0,0.0,0.0,0.0,0.0,0.0,9185.62686369859,2313.1126550989256,28.70043343172963,480.99466396923657,6.168204198314716,970.664315353163,388.19556128598714,13373.462697035948,9185.62686369859,2313.1126550989256,28.70043343172963,480.99466396923657,6.168204198314716,970.664315353163,388.19556128598714,13373.462697035948,0.0,0.0,0.0,0.0,0.0,0.0,0.0,0.0,0.0,0.0,0.0,0.0,0.0,0.0,0.0,0.0,115.25605138988503,28.58865798203373,0.2506739572507432,6.032354627049276,0.07735881869104079,12.173507246809487,5.40325235230293,167.78185637402223,115.25605138988503,28.58865798203373,0.2506739572507432,6.032354627049276,0.07735881869104079,12.173507246809487,5.40325235230293,167.78185637402223,0.0,0.0,0.0,0.0,0.0,0.0,0.0,0.0,0.0,0.0,0.0,0.0,0.0,0.0,0.0,0.0,921.002569919923,231.25643870691633,2.6716069131221967,48.206648670634166,0.6181956831271989,97.28275108595162,39.973024198161674,1341.011235177836,921.002569919923,231.25643870691633,2.6716069131221967,48.206648670634166,0.6181956831271989,97.28275108595162,39.973024198161674,1341.011235177836,0.0,0.0,0.0,0.0,0.0,0.0,0.0,0.0,0.0,0.0,0.0,0.0,0.0,0.0,0.0,0.0,358.604206109918,89.10564826223403,0.8626102337469848,18.750411601369372,0.2404569736479713,37.83911745297836,16.4678866349819,521.8703372688767,358.604206109918,89.10564826223403,0.8626102337469848,18.750411601369372,0.2404569736479713,37.83911745297836,16.4678866349819,521.8703372688767,0.0,0.0,0.0,0.0,0.0,0.0,0.0,0.0,0.0,0.0,0.0,0.0,0.0,0.0,0.0,0.0,76.17056786427958,18.63486413825098,0.10593496465067039,3.9753790462417427,0.05098121823156737,8.022489320610022,3.8765584345808244,110.83677498684538,76.17056786427958,18.63486413825098,0.10593496465067039,3.9753790462417427,0.05098121823156737,8.022489320610022,3.8765584345808244,110.83677498684538,0.0,0.0,0.0,0.0,0.0,0.0,0.0,0.0,0.0,0.0,0.0,0.0,0.0,0.0,10789.717195401001,841.5604038746424,50599.76465718503,4296.845545539407,20311.973580022353,1126.970388748803,8318.957539344652,597.3479370792065,9330.188435095662,793.1133442639511,48665.61324991444,2393.445676367257
2030,0.0,0.0,0.0,0.0,0.0,0.0,0.0,0.0,4325.659128615071,1074.9810723774583,11.485248459947119,226.3825415518713,2.9030938200876264,456.84782951670365,198.92622514709205,6297.185139488231,4325.659128615071,1074.9810723774583,11.485248459947119,226.3825415518713,2.9030938200876264,456.84782951670365,198.92622514709205,6297.185139488231,0.0,0.0,0.0,0.0,0.0,0.0,0.0,0.0,0.0,0.0,0.0,0.0,0.0,0.0,0.0,0.0,11270.110737846211,2803.9078281558964,31.995528290825888,590.0743701531812,7.5670561778449885,1190.7923368126912,509.7124174326134,16404.160274869264,11270.110737846211,2803.9078281558964,31.995528290825888,590.0743701531812,7.5670561778449885,1190.7923368126912,509.7124174326134,16404.160274869264,0.0,0.0,0.0,0.0,0.0,0.0,0.0,0.0,0.0,0.0,0.0,0.0,0.0,0.0,0.0,0.0,2249.2527586742744,562.2733084089582,6.986950341598956,117.85625056081477,1.5113700402101997,237.83789843826304,99.07539462477791,3274.793931088898,2249.2527586742744,562.2733084089582,6.986950341598956,117.85625056081477,1.5113700402101997,237.83789843826304,99.07539462477791,3274.793931088898,0.0,0.0,0.0,0.0,0.0,0.0,0.0,0.0,0.0,0.0,0.0,0.0,0.0,0.0,0.0,0.0,2390.3680481028746,596.1480508854182,6.996890695787669,125.1840407011868,1.6053445808614166,252.6258948306724,107.20866653633266,3480.1369363331337,2390.3680481028746,596.1480508854182,6.996890695787669,125.1840407011868,1.6053445808614166,252.6258948306724,107.20866653633266,3480.1369363331337,0.0,0.0,0.0,0.0,0.0,0.0,0.0,0.0,0.0,0.0,0.0,0.0,0.0,0.0,0.0,0.0,1630.5395670770731,406.03718086446537,4.729345659634176,85.38497694374738,1.0949763428596744,172.3101576692951,73.31911603515857,2373.415320592233,1630.5395670770731,406.03718086446537,4.729345659634176,85.38497694374738,1.0949763428596744,172.3101576692951,73.31911603515857,2373.415320592233,0.0,0.0,0.0,0.0,0.0,0.0,0.0,0.0,0.0,0.0,0.0,0.0,0.0,0.0,0.0,0.0,544.1052242343511,135.46709443618053,1.5368032562177683,28.48983486175222,0.36535356624204035,57.49355027953298,24.60896950700094,792.0668301412778,544.1052242343511,135.46709443618053,1.5368032562177683,28.48983486175222,0.36535356624204035,57.49355027953298,24.60896950700094,792.0668301412778,0.0,0.0,0.0,0.0,0.0,0.0,0.0,0.0,0.0,0.0,0.0,0.0,0.0,0.0,10640.278071711715,990.9995275639285,50042.832336167136,4853.777866557299,20124.57829762473,1314.3656711464282,8219.056214630791,697.2492617930675,9234.596895310457,888.704884049157,48292.05702883192,2767.0018974497725
2031,0.0,0.0,0.0,0.0,0.0,0.0,0.0,0.0,1538.7906361289358,374.6663606123403,1.6432002939433208,80.24147592064709,1.029018137641491,161.9306616537637,80.49925443563137,2238.800607182903,1538.7906361289358,374.6663606123403,1.6432002939433208,80.24147592064709,1.029018137641491,161.9306616537637,80.49925443563137,2238.800607182903,0.0,0.0,0.0,0.0,0.0,0.0,0.0,0.0,0.0,0.0,0.0,0.0,0.0,0.0,0.0,0.0,2787.6754132652613,672.3364610928135,3.004293034774076,145.3581184037512,1.8641870566960677,293.34359481131344,145.3598343772893,4048.941902041899,2787.6754132652613,672.3364610928135,3.004293034774076,145.3581184037512,1.8641870566960677,293.34359481131344,145.3598343772893,4048.941902041899,0.0,0.0,0.0,0.0,0.0,0.0,0.0,0.0,0.0,0.0,0.0,0.0,0.0,0.0,0.0,0.0,211.2348408429724,52.16044475887184,0.29921640646874526,11.055233133676271,0.1417797025751102,22.309929588025476,10.236010901239778,307.4374553338296,211.2348408429724,52.16044475887184,0.29921640646874526,11.055233133676271,0.1417797025751102,22.309929588025476,10.236010901239778,307.4374553338296,0.0,0.0,0.0,0.0,0.0,0.0,0.0,0.0,0.0,0.0,0.0,0.0,0.0,0.0,0.0,0.0,447.2546520656056,109.2637895407735,0.5029208545907432,23.333154236062263,0.2992410363287948,47.087837856231886,23.111663496431504,650.8532590860244,447.2546520656056,109.2637895407735,0.5029208545907432,23.333154236062263,0.2992410363287948,47.087837856231886,23.111663496431504,650.8532590860244,0.0,0.0,0.0,0.0,0.0,0.0,0.0,0.0,0.0,0.0,0.0,0.0,0.0,0.0,0.0,0.0,342.78700015581046,82.69288756777898,0.3761724530543929,17.87774468176525,0.22930243367197736,36.07890978898996,17.799798551106125,497.8418156321771,342.78700015581046,82.69288756777898,0.3761724530543929,17.87774468176525,0.22930243367197736,36.07890978898996,17.799798551106125,497.8418156321771,0.0,0.0,0.0,0.0,0.0,0.0,0.0,0.0,0.0,0.0,0.0,0.0,0.0,0.0,0.0,0.0,147.574202082716,35.906243120491744,0.16878481124173128,7.701849221806706,0.09878186037475968,15.542863956556817,7.595860336104078,214.58858538929184,147.574202082716,35.906243120491744,0.16878481124173128,7.701849221806706,0.09878186037475968,15.542863956556817,7.595860336104078,214.58858538929184,0.0,0.0,0.0,0.0,0.0,0.0,0.0,0.0,0.0,0.0,0.0,0.0,0.0,0.0,10535.049991089516,1096.2276081861273,49621.46811224484,5275.142090479596,19970.283166994588,1468.6608017765684,8150.069361532625,766.2361148912332,9159.686763853895,963.6150155057185,47927.44648327093,3131.6124430107666
2032,0.0,0.0,0.0,0.0,0.0,0.0,0.0,0.0,5413.775831338859,1333.6853854198694,7.365003163348578,283.1717012831671,3.6313841428974603,571.4515355894792,265.6947360534033,7878.775576991023,5413.775831338859,1333.6853854198694,7.365003163348578,283.1717012831671,3.6313841428974603,571.4515355894792,265.6947360534033,7878.775576991023,0.0,0.0,0.0,0.0,0.0,0.0,0.0,0.0,0.0,0.0,0.0,0.0,0.0,0.0,0.0,0.0,15370.015093446276,3783.8727084937022,21.85028167039482,804.3940987672606,10.315768100004604,1623.3081586317644,743.560428787853,22357.31653789726,15370.015093446276,3783.8727084937022,21.85028167039482,804.3940987672606,10.315768100004604,1623.3081586317644,743.560428787853,22357.31653789726,0.0,0.0,0.0,0.0,0.0,0.0,0.0,0.0,0.0,0.0,0.0,0.0,0.0,0.0,0.0,0.0,6482.175273160866,1609.649421624038,9.952351103867668,339.6631787305718,4.355803992776587,685.4519166662709,305.5752831201651,9436.823228398556,6482.175273160866,1609.649421624038,9.952351103867668,339.6631787305718,4.355803992776587,685.4519166662709,305.5752831201651,9436.823228398556,0.0,0.0,0.0,0.0,0.0,0.0,0.0,0.0,0.0,0.0,0.0,0.0,0.0,0.0,0.0,0.0,3826.0048241287077,947.7262262548072,5.648738431399284,200.35405548531511,2.569358334555495,404.3229365737491,182.84685952622462,5569.472998734758,3826.0048241287077,947.7262262548072,5.648738431399284,200.35405548531511,2.569358334555495,404.3229365737491,182.84685952622462,5569.472998734758,0.0,0.0,0.0,0.0,0.0,0.0,0.0,0.0,0.0,0.0,0.0,0.0,0.0,0.0,0.0,0.0,2403.854227105598,592.904313121616,3.486485442587597,125.84515257685278,1.6139223273167587,253.9621296562162,115.53856329186004,3497.204793522047,2403.854227105598,592.904313121616,3.486485442587597,125.84515257685278,1.6139223273167587,253.9621296562162,115.53856329186004,3497.204793522047,0.0,0.0,0.0,0.0,0.0,0.0,0.0,0.0,0.0,0.0,0.0,0.0,0.0,0.0,0.0,0.0,1341.3978137802467,331.9870409587471,1.9852309482979433,70.24921896285285,0.9009026342492421,141.7659314374731,64.055387867084,1952.3415265889512,1341.3978137802467,331.9870409587471,1.9852309482979433,70.24921896285285,0.9009026342492421,141.7659314374731,64.055387867084,1952.3415265889512,0.0,0.0,0.0,0.0,0.0,0.0,0.0,0.0,0.0,0.0,0.0,0.0,0.0,0.0,10370.019443527035,1261.2581557486083,49006.700191004034,5889.9100117204,19719.511320514845,1719.432648256312,8028.93853564766,887.366940776199,9053.167469742057,1070.134309617557,47546.95756193108,3512.1013643506158
2033,0.0,0.0,0.0,0.0,0.0,0.0,0.0,0.0,2649.641494729326,641.8177364314743,2.7876432689769346,138.16352648812514,1.771888584975354,278.8220632537968,139.09104254620553,3852.09539530288,2649.641494729326,641.8177364314743,2.7876432689769346,138.16352648812514,1.771888584975354,278.8220632537968,139.09104254620553,3852.09539530288,0.0,0.0,0.0,0.0,0.0,0.0,0.0,0.0,0.0,0.0,0.0,0.0,0.0,0.0,0.0,0.0,4972.87802488486,1177.4345852716888,5.048777487799863,259.1015545791619,3.323570098476831,522.9063206421623,262.39075067433123,7203.08358363848,4972.87802488486,1177.4345852716888,5.048777487799863,259.1015545791619,3.323570098476831,522.9063206421623,262.39075067433123,7203.08358363848,0.0,0.0,0.0,0.0,0.0,0.0,0.0,0.0,0.0,0.0,0.0,0.0,0.0,0.0,0.0,0.0,103.5919363269459,24.962674464646977,0.10994741816721508,5.402731868906506,0.06935141259120363,10.903480800839338,5.428515542826403,150.46863783492356,103.5919363269459,24.962674464646977,0.10994741816721508,5.402731868906506,0.06935141259120363,10.903480800839338,5.428515542826403,150.46863783492356,0.0,0.0,0.0,0.0,0.0,0.0,0.0,0.0,0.0,0.0,0.0,0.0,0.0,0.0,0.0,0.0,636.5783177668237,154.28960708111546,0.6586513310191524,33.17698788490963,0.425591301146036,66.9561405516251,33.520390528470045,925.6056864451092,636.5783177668237,154.28960708111546,0.6586513310191524,33.17698788490963,0.425591301146036,66.9561405516251,33.520390528470045,925.6056864451092,0.0,0.0,0.0,0.0,0.0,0.0,0.0,0.0,0.0,0.0,0.0,0.0,0.0,0.0,0.0,0.0,594.8361059302897,140.50822813562343,0.6030645951224634,30.991628811384686,0.3976937793310482,62.54751870390708,31.39324363579785,861.2774835914564,594.8361059302897,140.50822813562343,0.6030645951224634,30.991628811384686,0.3976937793310482,62.54751870390708,31.39324363579785,861.2774835914564,0.0,0.0,0.0,0.0,0.0,0.0,0.0,0.0,0.0,0.0,0.0,0.0,0.0,0.0,0.0,0.0,235.1297947763943,56.42881356255659,0.24836999559879958,12.261331168435545,0.15733764399504235,24.74527375708614,12.327800809044806,341.2987217131112,235.1297947763943,56.42881356255659,0.24836999559879958,12.261331168435545,0.15733764399504235,24.74527375708614,12.327800809044806,341.2987217131112,0.0,0.0,0.0,0.0,0.0,0.0,0.0,0.0,0.0,0.0,0.0,0.0,0.0,0.0,10249.01282163256,1382.264777643084,48557.58729933665,6339.022903387784,19569.92438507703,1869.0195836941275,7958.31845994878,957.9870164750782,8975.506478819883,1147.7953005397303,47186.515440044466,3872.5434862372276
2034,0.0,0.0,0.0,0.0,0.0,0.0,0.0,0.0,19591.11337209506,4800.64124170146,24.362332982785396,1025.7388241628255,13.154132930234093,2069.982594141552,993.9312908662727,28518.923788880184,19591.11337209506,4800.64124170146,24.362332982785396,1025.7388241628255,13.154132930234093,2069.982594141552,993.9312908662727,28518.923788880184,0.0,0.0,0.0,0.0,0.0,0.0,0.0,0.0,0.0,0.0,0.0,0.0,0.0,0.0,0.0,0.0,38707.144391341004,9434.681157832994,47.75661453924606,2026.1737848760256,25.98538247351714,4088.9516085401497,1966.6079904067444,56297.30093000968,38707.144391341004,9434.681157832994,47.75661453924606,2026.1737848760256,25.98538247351714,4088.9516085401497,1966.6079904067444,56297.30093000968,0.0,0.0,0.0,0.0,0.0,0.0,0.0,0.0,0.0,0.0,0.0,0.0,0.0,0.0,0.0,0.0,1038.1957463782248,254.3373328165989,1.3018482580581348,54.369009558875014,0.6973861999049329,109.71982514707189,52.572329861276856,1511.1934782200105,1038.1957463782248,254.3373328165989,1.3018482580581348,54.369009558875014,0.6973861999049329,109.71982514707189,52.572329861276856,1511.1934782200105,0.0,0.0,0.0,0.0,0.0,0.0,0.0,0.0,0.0,0.0,0.0,0.0,0.0,0.0,0.0,0.0,3063.4364950124077,749.4768326004105,3.7293209516965504,160.2950127358771,2.0559132291672424,323.48895420914556,156.1543128140852,4458.6368415527895,3063.4364950124077,749.4768326004105,3.7293209516965504,160.2950127358771,2.0559132291672424,323.48895420914556,156.1543128140852,4458.6368415527895,0.0,0.0,0.0,0.0,0.0,0.0,0.0,0.0,0.0,0.0,0.0,0.0,0.0,0.0,0.0,0.0,4865.68999741214,1185.7708386630634,6.010433728047544,254.70838553374514,3.2669476740353507,514.0216217164731,247.15100841786926,7076.619233145372,4865.68999741214,1185.7708386630634,6.010433728047544,254.70838553374514,3.2669476740353507,514.0216217164731,247.15100841786926,7076.619233145372,0.0,0.0,0.0,0.0,0.0,0.0,0.0,0.0,0.0,0.0,0.0,0.0,0.0,0.0,0.0,0.0,2428.277846046287,594.5083306713202,3.043705770026882,127.16388129563416,1.630969723984843,256.62426188540036,122.96606636042682,3534.2150617530806,2428.277846046287,594.5083306713202,3.043705770026882,127.16388129563416,1.630969723984843,256.62426188540036,122.96606636042682,3534.2150617530806,0.0,0.0,0.0,0.0,0.0,0.0,0.0,0.0,0.0,0.0,0.0,0.0,0.0,0.0,9860.038470044532,1771.2391292311113,47575.9236879169,7320.686514807538,19406.62194813279,2032.3220206383667,7849.710575050645,1066.5949013732134,8830.571193020462,1292.730586339152,46793.955682409294,4265.1032438724
2035,0.0,0.0,0.0,0.0,0.0,0.0,0.0,0.0,31085.46254240892,7566.254594495038,31.622081694887978,1619.6988566039804,20.77127742241299,3268.621457487322,1642.4791272369246,45234.90993734949,31085.46254240892,7566.254594495038,31.622081694887978,1619.6988566039804,20.77127742241299,3268.621457487322,1642.4791272369246,45234.90993734949,0.0,0.0,0.0,0.0,0.0,0.0,0.0,0.0,0.0,0.0,0.0,0.0,0.0,0.0,0.0,0.0,50737.1728131561,12252.184196201863,50.91614889609352,2642.840365594875,33.89600741052652,5333.473283110836,2686.0300926915625,73736.51290706186,50737.1728131561,12252.184196201863,50.91614889609352,2642.840365594875,33.89600741052652,5333.473283110836,2686.0300926915625,73736.51290706186,0.0,0.0,0.0,0.0,0.0,0.0,0.0,0.0,0.0,0.0,0.0,0.0,0.0,0.0,0.0,0.0,1070.1025035345685,259.8080192918013,1.0838516307003374,55.75154476171324,0.7153459927672047,112.5114489992496,56.58426478812267,1556.556978998923,1070.1025035345685,259.8080192918013,1.0838516307003374,55.75154476171324,0.7153459927672047,112.5114489992496,56.58426478812267,1556.556978998923,0.0,0.0,0.0,0.0,0.0,0.0,0.0,0.0,0.0,0.0,0.0,0.0,0.0,0.0,0.0,0.0,8229.770391615884,2003.6749216258966,8.374815215084888,428.79525032777366,5.4995109963026385,865.3401474677077,434.8170239258466,11976.272061174495,8229.770391615884,2003.6749216258966,8.374815215084888,428.79525032777366,5.4995109963026385,865.3401474677077,434.8170239258466,11976.272061174495,0.0,0.0,0.0,0.0,0.0,0.0,0.0,0.0,0.0,0.0,0.0,0.0,0.0,0.0,0.0,0.0,5900.430950234989,1422.9995138815725,5.907524353706274,307.3306789566641,3.942528375410001,620.2276127095031,312.4917003466488,8573.330508858495,5900.430950234989,1422.9995138815725,5.907524353706274,307.3306789566641,3.942528375410001,620.2276127095031,312.4917003466488,8573.330508858495,0.0,0.0,0.0,0.0,0.0,0.0,0.0,0.0,0.0,0.0,0.0,0.0,0.0,0.0,0.0,0.0,2338.309781707356,566.8470786966155,2.362073964938816,121.81600873932044,1.5627110438302108,245.8357712528063,123.68312143717253,3400.4165468420397,2338.309781707356,566.8470786966155,2.362073964938816,121.81600873932044,1.5627110438302108,245.8357712528063,123.68312143717253,3400.4165468420397,0.0,0.0,0.0,0.0,0.0,0.0,0.0,0.0,0.0,0.0,0.0,0.0,0.0,0.0,9285.349916032426,2345.927683243217,46400.228263098135,8496.381939626299,19243.82003294339,2195.123935827767,7658.2626426232755,1258.0428338005831,8669.068286271724,1454.2334930878897,46405.29119627783,4653.767730003863
2036,0.0,0.0,0.0,0.0,0.0,0.0,0.0,0.0,724.7409574101624,144.34147389749876,0.5082115841910292,37.50796300147293,0.48220526243646356,75.72184641022184,40.01155477444822,1023.3142123404318,724.7409574101624,144.34147389749876,0.5082115841910292,37.50796300147293,0.48220526243646356,75.72184641022184,40.01155477444822,1023.3142123404318,0.0,0.0,0.0,0.0,0.0,0.0,0.0,0.0,0.0,0.0,0.0,0.0,0.0,0.0,0.0,0.0,4965.107896147693,987.4275592486349,3.4672086264173267,256.86677740857465,3.3041556272801786,518.6284232611491,274.19511360265585,7008.997133922407,4965.107896147693,987.4275592486349,3.4672086264173267,256.86677740857465,3.3041556272801786,518.6284232611491,274.19511360265585,7008.997133922407,0.0,0.0,0.0,0.0,0.0,0.0,0.0,0.0,0.0,0.0,0.0,0.0,0.0,0.0,0.0,0.0,49.00166387583323,9.590823815304283,0.03309237508015866,2.5330682478745734,0.033391235838923033,5.118153161779935,2.7306962174455722,69.04088892915667,49.00166387583323,9.590823815304283,0.03309237508015866,2.5330682478745734,0.033391235838923033,5.118153161779935,2.7306962174455722,69.04088892915667,0.0,0.0,0.0,0.0,0.0,0.0,0.0,0.0,0.0,0.0,0.0,0.0,0.0,0.0,0.0,0.0,167.5629830558936,32.68550784975872,0.11098550979237307,8.631248136819798,0.11224376320841435,17.451917148530345,9.300934203384164,235.85581966738744,167.5629830558936,32.68550784975872,0.11098550979237307,8.631248136819798,0.11224376320841435,17.451917148530345,9.300934203384164,235.85581966738744,0.0,0.0,0.0,0.0,0.0,0.0,0.0,0.0,0.0,0.0,0.0,0.0,0.0,0.0,0.0,0.0,646.0940921751801,128.0462102313226,0.4471182312974449,33.420469436680875,0.43154715952657036,67.49180612101624,35.75270203846342,911.6839453934874,646.0940921751801,128.0462102313226,0.4471182312974449,33.420469436680875,0.43154715952657036,67.49180612101624,35.75270203846342,911.6839453934874,0.0,0.0,0.0,0.0,0.0,0.0,0.0,0.0,0.0,0.0,0.0,0.0,0.0,0.0,0.0,0.0,141.98764719472487,28.005550836221154,0.09728098175569455,7.3403067164876035,0.09539222928781835,14.82735577640576,7.874185197285177,200.2277189321681,141.98764719472487,28.005550836221154,0.09728098175569455,7.3403067164876035,0.09539222928781835,14.82735577640576,7.874185197285177,200.2277189321681,0.0,0.0,0.0,0.0,0.0,0.0,0.0,0.0,0.0,0.0,0.0,0.0,0.0,0.0,9203.612323502433,2427.66527577321,45969.263675446135,8927.3465272783,19098.6617097209,2340.2822590502583,7597.988035024801,1318.3174413990573,8593.220026852567,1530.081752507047,46054.86289607982,5004.196030201871
2037,0.0,0.0,0.0,0.0,0.0,0.0,0.0,0.0,23035.130442095247,4609.745044391053,16.366483066922918,1193.5801884762202,15.308786070373127,2408.741417071159,1270.4142205460748,32549.28658171705,23035.130442095247,4609.745044391053,16.366483066922918,1193.5801884762202,15.308786070373127,2408.741417071159,1270.4142205460748,32549.28658171705,0.0,0.0,0.0,0.0,0.0,0.0,0.0,0.0,0.0,0.0,0.0,0.0,0.0,0.0,0.0,0.0,151156.6821425315,30246.010949600175,107.36534020133598,7832.077963370577,100.45821551096323,15805.898738583055,8336.660334652885,213585.15368445046,151156.6821425315,30246.010949600175,107.36534020133598,7832.077963370577,100.45821551096323,15805.898738583055,8336.660334652885,213585.15368445046,0.0,0.0,0.0,0.0,0.0,0.0,0.0,0.0,0.0,0.0,0.0,0.0,0.0,0.0,0.0,0.0,1339.921901788026,267.7650383166998,0.9491654429429924,69.42133633590034,0.8922401759281143,140.10773939257632,73.9527578007578,1893.0101792528312,1339.921901788026,267.7650383166998,0.9491654429429924,69.42133633590034,0.8922401759281143,140.10773939257632,73.9527578007578,1893.0101792528312,0.0,0.0,0.0,0.0,0.0,0.0,0.0,0.0,0.0,0.0,0.0,0.0,0.0,0.0,0.0,0.0,2569.0836356180516,512.6049974680152,1.8110520276200017,133.03158476094836,1.709227474520721,268.52732551107357,141.8037449190926,3628.571567779322,2569.0836356180516,512.6049974680152,1.8110520276200017,133.03158476094836,1.709227474520721,268.52732551107357,141.8037449190926,3628.571567779322,0.0,0.0,0.0,0.0,0.0,0.0,0.0,0.0,0.0,0.0,0.0,0.0,0.0,0.0,0.0,0.0,18732.421665136473,3747.3163618050517,13.296494520206627,970.5926168214213,12.452889742809111,1958.7821130227746,1033.291554359812,26468.153695408553,18732.421665136473,3747.3163618050517,13.296494520206627,970.5926168214213,12.452889742809111,1958.7821130227746,1033.291554359812,26468.153695408553,0.0,0.0,0.0,0.0,0.0,0.0,0.0,0.0,0.0,0.0,0.0,0.0,0.0,0.0,0.0,0.0,3905.557208015659,780.9661971321806,2.7698440844335552,202.35008754322433,2.5976212307684428,408.37798083067764,215.47197611110474,5518.0909149480485,3905.557208015659,780.9661971321806,2.7698440844335552,202.35008754322433,2.5976212307684428,408.37798083067764,215.47197611110474,5518.0909149480485,0.0,0.0,0.0,0.0,0.0,0.0,0.0,0.0,0.0,0.0,0.0,0.0,0.0,0.0,8754.229637104396,2877.0479621712475,43128.411365889464,11768.19883683497,18933.271098710182,2505.6728700609747,7498.492651300375,1417.812825123484,8219.363914354773,1903.9378650048402,45644.92231076752,5414.136615514173
2038,0.0,0.0,0.0,0.0,0.0,0.0,0.0,0.0,320.6434305726645,61.48297058978954,0.20222127024430014,16.453182358328633,0.21613060952796018,33.30848440509279,17.86999768357595,450.1764174892236,320.6434305726645,61.48297058978954,0.20222127024430014,16.453182358328633,0.21613060952796018,33.30848440509279,17.86999768357595,450.1764174892236,0.0,0.0,0.0,0.0,0.0,0.0,0.0,0.0,0.0,0.0,0.0,0.0,0.0,0.0,0.0,0.0,2859.735982968554,548.8278417814504,1.8057089660886247,146.75815888886854,1.9244754870524545,297.09800463836484,159.32212526245036,4015.4722979928288,2859.735982968554,548.8278417814504,1.8057089660886247,146.75815888886854,1.9244754870524545,297.09800463836484,159.32212526245036,4015.4722979928288,0.0,0.0,0.0,0.0,0.0,0.0,0.0,0.0,0.0,0.0,0.0,0.0,0.0,0.0,0.0,0.0,49.743641901678465,9.013826105677408,0.027985621144752115,2.5517585490494223,0.036960630623774776,5.176147060626514,2.8653107629407506,69.41563063174108,49.743641901678465,9.013826105677408,0.027985621144752115,2.5517585490494223,0.036960630623774776,5.176147060626514,2.8653107629407506,69.41563063174108,0.0,0.0,0.0,0.0,0.0,0.0,0.0,0.0,0.0,0.0,0.0,0.0,0.0,0.0,0.0,0.0,352.4526949555055,67.37796710986098,0.22088726312704768,18.08729972971412,0.23852995826612486,36.62270779857004,19.691319425244075,494.69140624028785,352.4526949555055,67.37796710986098,0.22088726312704768,18.08729972971412,0.23852995826612486,36.62270779857004,19.691319425244075,494.69140624028785,0.0,0.0,0.0,0.0,0.0,0.0,0.0,0.0,0.0,0.0,0.0,0.0,0.0,0.0,0.0,0.0,478.7342508600295,90.95724751564808,0.2945886679202168,24.60181094545809,0.3279909257102098,49.824218360160486,26.902668753102898,671.6427760280294,478.7342508600295,90.95724751564808,0.2945886679202168,24.60181094545809,0.3279909257102098,49.824218360160486,26.902668753102898,671.6427760280294,0.0,0.0,0.0,0.0,0.0,0.0,0.0,0.0,0.0,0.0,0.0,0.0,0.0,0.0,0.0,0.0,130.61677558136404,24.46792257905063,0.07846187433000237,6.703428189536856,0.09165179809097523,13.583668056130774,7.387683666122887,182.92959174462615,130.61677558136404,24.46792257905063,0.07846187433000237,6.703428189536856,0.09165179809097523,13.583668056130774,7.387683666122887,182.92959174462615,0.0,0.0,0.0,0.0,0.0,0.0,0.0,0.0,0.0,0.0,0.0,0.0,0.0,0.0,8683.16124472113,2948.1163545545132,42756.70654491472,12139.903657809715,18790.393859120653,2648.550109650503,7436.290508126765,1480.0149682970932,8149.557331008615,1973.744448350999,45300.336977847706,5758.721948433988
2039,0.0,0.0,0.0,0.0,0.0,0.0,0.0,0.0,567.2934929754988,108.60596226931048,0.35657013098074436,29.11124419274353,0.3834343434404284,58.9379568339911,31.65193513675112,796.3405958827162,567.2934929754988,108.60596226931048,0.35657013098074436,29.11124419274353,0.3834343434404284,58.9379568339911,31.65193513675112,796.3405958827162,0.0,0.0,0.0,0.0,0.0,0.0,0.0,0.0,0.0,0.0,0.0,0.0,0.0,0.0,0.0,0.0,5054.809004125805,968.719063619696,3.181808497785061,259.4255181013385,3.40989192127155,525.2161582572895,281.91432983869004,7096.675774361875,5054.809004125805,968.719063619696,3.181808497785061,259.4255181013385,3.40989192127155,525.2161582572895,281.91432983869004,7096.675774361875,0.0,0.0,0.0,0.0,0.0,0.0,0.0,0.0,0.0,0.0,0.0,0.0,0.0,0.0,0.0,0.0,94.56587079984557,17.050440731466907,0.052715567767407684,4.8488064243983136,0.07091779426138281,9.837599577775322,5.456216258282868,131.88256715379777,94.56587079984557,17.050440731466907,0.052715567767407684,4.8488064243983136,0.07091779426138281,9.837599577775322,5.456216258282868,131.88256715379777,0.0,0.0,0.0,0.0,0.0,0.0,0.0,0.0,0.0,0.0,0.0,0.0,0.0,0.0,0.0,0.0,625.3274033033475,119.32746972397409,0.3903932384987162,32.09295938100387,0.4244722197302574,64.9862862460239,34.98259691077649,877.5315810233548,625.3274033033475,119.32746972397409,0.3903932384987162,32.09295938100387,0.4244722197302574,64.9862862460239,34.98259691077649,877.5315810233548,0.0,0.0,0.0,0.0,0.0,0.0,0.0,0.0,0.0,0.0,0.0,0.0,0.0,0.0,0.0,0.0,858.9686964043543,162.86627844156166,0.5261794445396901,44.14618376819027,0.5906576490979096,89.41309001205646,48.33904587215027,1204.8501315919505,858.9686964043543,162.86627844156166,0.5261794445396901,44.14618376819027,0.5906576490979096,89.41309001205646,48.33904587215027,1204.8501315919505,0.0,0.0,0.0,0.0,0.0,0.0,0.0,0.0,0.0,0.0,0.0,0.0,0.0,0.0,0.0,0.0,238.2610618811682,44.462633786765245,0.14206501869772525,12.224855834186595,0.1683249862838558,24.77636468301622,13.49930093284904,333.5346071229669,238.2610618811682,44.462633786765245,0.14206501869772525,12.224855834186595,0.1683249862838558,24.77636468301622,13.49930093284904,333.5346071229669,0.0,0.0,0.0,0.0,0.0,0.0,0.0,0.0,0.0,0.0,0.0,0.0,0.0,0.0,8608.521458901705,3022.7561403739383,42351.289918011644,12545.32028471279,18647.803856407223,2791.1401123639334,7370.000571970436,1546.3049044534228,8073.875247777771,2049.426531581843,44956.501458368744,6102.5574679129495
2040,0.0,0.0,0.0,0.0,0.0,0.0,0.0,0.0,16731.747323736396,3254.3491088874284,10.90034673432568,857.5595045846059,11.016569925700873,1734.9448216873066,921.5117748844689,23522.02945044023,16731.747323736396,3254.3491088874284,10.90034673432568,857.5595045846059,11.016569925700873,1734.9448216873066,921.5117748844689,23522.02945044023,0.0,0.0,0.0,0.0,0.0,0.0,0.0,0.0,0.0,0.0,0.0,0.0,0.0,0.0,0.0,0.0,149297.5004042993,29040.67263606987,97.27402035996474,7652.072539449463,98.28683954819378,15481.028391886759,8222.403197212296,209889.2380288258,149297.5004042993,29040.67263606987,97.27402035996474,7652.072539449463,98.28683954819378,15481.028391886759,8222.403197212296,209889.2380288258,0.0,0.0,0.0,0.0,0.0,0.0,0.0,0.0,0.0,0.0,0.0,0.0,0.0,0.0,0.0,0.0,1273.4381289009677,245.26417281180775,0.8139392047557508,65.26227289010252,0.8544330039344971,132.08353163106128,70.55712404561426,1788.273602488244,1273.4381289009677,245.26417281180775,0.8139392047557508,65.26227289010252,0.8544330039344971,132.08353163106128,70.55712404561426,1788.273602488244,0.0,0.0,0.0,0.0,0.0,0.0,0.0,0.0,0.0,0.0,0.0,0.0,0.0,0.0,0.0,0.0,17888.256607000938,3478.447080500715,11.64794131379155,916.8439173370614,11.782099675773294,1854.9089810828043,985.4086175276668,25147.295244438756,17888.256607000938,3478.447080500715,11.64794131379155,916.8439173370614,11.782099675773294,1854.9089810828043,985.4086175276668,25147.295244438756,0.0,0.0,0.0,0.0,0.0,0.0,0.0,0.0,0.0,0.0,0.0,0.0,0.0,0.0,0.0,0.0,20647.277691467043,4011.9760794358153,13.418385926186959,1058.384941264887,13.619403611435507,2141.3288453792384,1138.1554661711168,29024.160813255723,20647.277691467043,4011.9760794358153,13.418385926186959,1058.384941264887,13.619403611435507,2141.3288453792384,1138.1554661711168,29024.160813255723,0.0,0.0,0.0,0.0,0.0,0.0,0.0,0.0,0.0,0.0,0.0,0.0,0.0,0.0,0.0,0.0,5172.7197236020365,1003.4291098709117,3.35193520613051,265.11641590438285,3.422666366283776,536.4245109391217,285.37074016347555,7269.835102052342,5172.7197236020365,1003.4291098709117,3.35193520613051,265.11641590438285,3.422666366283776,536.4245109391217,285.37074016347555,7269.835102052342,0.0,0.0,0.0,0.0,0.0,0.0,0.0,0.0,0.0,0.0,0.0,0.0,0.0,0.0,8269.536497373992,3361.741101901651,39585.10520004373,15311.505002680708,18486.883873686536,2952.06009508462,7021.274416436847,1895.0310599870118,7674.3210714238485,2448.980707935765,44534.28848458111,6524.770441700581
2041,0.0,0.0,0.0,0.0,0.0,0.0,0.0,0.0,377.66906146987435,67.04516161161371,0.198608442643332,19.47233391461768,0.2859066403498319,39.550908356252265,22.268158638811535,526.4901390741626,377.66906146987435,67.04516161161371,0.198608442643332,19.47233391461768,0.2859066403498319,39.550908356252265,22.268158638811535,526.4901390741626,0.0,0.0,0.0,0.0,0.0,0.0,0.0,0.0,0.0,0.0,0.0,0.0,0.0,0.0,0.0,0.0,3312.269869551299,591.1768874477873,1.7552080650009838,170.91700756140358,2.4849218608762205,347.1283878498705,195.02202433699338,4620.754306673231,3312.269869551299,591.1768874477873,1.7552080650009838,170.91700756140358,2.4849218608762205,347.1283878498705,195.02202433699338,4620.754306673231,0.0,0.0,0.0,0.0,0.0,0.0,0.0,0.0,0.0,0.0,0.0,0.0,0.0,0.0,0.0,0.0,231.03269226972634,39.8136530704563,0.11722415387406133,11.828235770161998,0.1859158846595132,24.039916719408566,13.614590817844762,320.63222868613155,231.03269226972634,39.8136530704563,0.11722415387406133,11.828235770161998,0.1859158846595132,24.039916719408566,13.614590817844762,320.63222868613155,0.0,0.0,0.0,0.0,0.0,0.0,0.0,0.0,0.0,0.0,0.0,0.0,0.0,0.0,0.0,0.0,472.07996080811324,83.4391291411377,0.24628620012199762,24.33630981372962,0.357951754225973,49.44704713670964,27.933983056777627,657.8406679108158,472.07996080811324,83.4391291411377,0.24628620012199762,24.33630981372962,0.357951754225973,49.44704713670964,27.933983056777627,657.8406679108158,0.0,0.0,0.0,0.0,0.0,0.0,0.0,0.0,0.0,0.0,0.0,0.0,0.0,0.0,0.0,0.0,1025.321126068009,184.3897125862645,0.5506902629341638,52.939576337551784,0.7661579418782521,107.45659178363758,60.04936082582073,1431.473215806096,1025.321126068009,184.3897125862645,0.5506902629341638,52.939576337551784,0.7661579418782521,107.45659178363758,60.04936082582073,1431.473215806096,0.0,0.0,0.0,0.0,0.0,0.0,0.0,0.0,0.0,0.0,0.0,0.0,0.0,0.0,0.0,0.0,357.6523012306385,62.49682801952165,0.18459827024825523,18.342990007606513,0.2793505589922337,37.27965297010281,21.021456287119154,497.25717734422904,357.6523012306385,62.49682801952165,0.18459827024825523,18.342990007606513,0.2793505589922337,37.27965297010281,21.021456287119154,497.25717734422904,0.0,0.0,0.0,0.0,0.0,0.0,0.0,0.0,0.0,0.0,0.0,0.0,0.0,0.0,8200.856655650543,3430.4209436251003,39229.96835409247,15666.641848631967,18344.100217480107,3094.8437512910496,6960.273255735505,1956.0322206883538,7598.8031293576905,2524.498650001923,44193.92557239389,6865.1333538878025
2042,0.0,0.0,0.0,0.0,0.0,0.0,0.0,0.0,670.783944263029,118.9221968602161,0.35223579819378037,34.57210370262724,0.5092654664387216,70.22455674349473,39.54641526948479,934.9107181034844,670.783944263029,118.9221968602161,0.35223579819378037,34.57210370262724,0.5092654664387216,70.22455674349473,39.54641526948479,934.9107181034844,0.0,0.0,0.0,0.0,0.0,0.0,0.0,0.0,0.0,0.0,0.0,0.0,0.0,0.0,0.0,0.0,5853.567341111271,1043.524774307827,3.0977534718505026,301.95985683500203,4.40223499655752,613.3076513087207,344.6497692805597,8164.509381311787,5853.567341111271,1043.524774307827,3.0977534718505026,301.95985683500203,4.40223499655752,613.3076513087207,344.6497692805597,8164.509381311787,0.0,0.0,0.0,0.0,0.0,0.0,0.0,0.0,0.0,0.0,0.0,0.0,0.0,0.0,0.0,0.0,426.87108362783175,73.41352535262587,0.21625860198378719,21.832763284184278,0.34522465358446963,44.38201593146739,25.125198345586817,592.1860697972643,426.87108362783175,73.41352535262587,0.21625860198378719,21.832763284184278,0.34522465358446963,44.38201593146739,25.125198345586817,592.1860697972643,0.0,0.0,0.0,0.0,0.0,0.0,0.0,0.0,0.0,0.0,0.0,0.0,0.0,0.0,0.0,0.0,838.6323537669172,148.0656830809407,0.4370214983431548,43.219382413153426,0.6373982677495037,87.81837994781722,49.61904836368821,1168.4292673386094,838.6323537669172,148.0656830809407,0.4370214983431548,43.219382413153426,0.6373982677495037,87.81837994781722,49.61904836368821,1168.4292673386094,0.0,0.0,0.0,0.0,0.0,0.0,0.0,0.0,0.0,0.0,0.0,0.0,0.0,0.0,0.0,0.0,1809.4652018722463,324.9617061015834,0.9703340076347522,93.39784588687597,1.3561819862407618,189.5867344918341,105.97954010814716,2525.717544454563,1809.4652018722463,324.9617061015834,0.9703340076347522,93.39784588687597,1.3561819862407618,189.5867344918341,105.97954010814716,2525.717544454563,0.0,0.0,0.0,0.0,0.0,0.0,0.0,0.0,0.0,0.0,0.0,0.0,0.0,0.0,0.0,0.0,649.4223374592532,113.1992981812877,0.33435289827410053,33.26735695698026,0.5097714434446486,67.6244938291364,38.12478773810617,902.4823985064822,649.4223374592532,113.1992981812877,0.33435289827410053,33.26735695698026,0.5097714434446486,67.6244938291364,38.12478773810617,902.4823985064822,0.0,0.0,0.0,0.0,0.0,0.0,0.0,0.0,0.0,0.0,0.0,0.0,0.0,0.0,8127.604790019725,3503.672809255918,38833.512084821414,16063.09811790302,18198.933097880617,3240.010870890539,6893.355219665941,2022.9502567579175,7510.330828225988,2612.970951133626,43851.001335808476,7208.057590473218
2043,0.0,0.0,0.0,0.0,0.0,0.0,0.0,0.0,15567.159652844444,2868.1771839718463,8.657771831242384,806.3324512933001,11.191358236488034,1635.626581245091,903.6867600728006,21800.831759495213,15567.159652844444,2868.1771839718463,8.657771831242384,806.3324512933001,11.191358236488034,1635.626581245091,903.6867600728006,21800.831759495213,0.0,0.0,0.0,0.0,0.0,0.0,0.0,0.0,0.0,0.0,0.0,0.0,0.0,0.0,0.0,0.0,157121.20492823768,28971.80938497541,87.48231022043045,8139.411652266056,112.80451502967725,16510.254973155494,9118.736930526624,220061.7046944113,157121.20492823768,28971.80938497541,87.48231022043045,8139.411652266056,112.80451502967725,16510.254973155494,9118.736930526624,220061.7046944113,0.0,0.0,0.0,0.0,0.0,0.0,0.0,0.0,0.0,0.0,0.0,0.0,0.0,0.0,0.0,0.0,3480.028198324425,633.0338401104827,1.9036623679000135,179.77167928250375,2.5648412111288708,364.8196679428213,202.38551471249042,4864.507403951751,3480.028198324425,633.0338401104827,1.9036623679000135,179.77167928250375,2.5648412111288708,364.8196679428213,202.38551471249042,4864.507403951751,0.0,0.0,0.0,0.0,0.0,0.0,0.0,0.0,0.0,0.0,0.0,0.0,0.0,0.0,0.0,0.0,15931.608460497837,2932.2844264689,8.845896580495305,825.1306863267273,11.46609662762385,1673.849370329661,925.4061616236762,22308.591098454923,15931.608460497837,2932.2844264689,8.845896580495305,825.1306863267273,11.46609662762385,1673.849370329661,925.4061616236762,22308.591098454923,0.0,0.0,0.0,0.0,0.0,0.0,0.0,0.0,0.0,0.0,0.0,0.0,0.0,0.0,0.0,0.0,61187.38198463445,11291.913155313965,34.114076539301145,3170.0133250854765,43.891249625437666,6429.837919833338,3549.413904090133,85706.56561512212,61187.38198463445,11291.913155313965,34.114076539301145,3170.0133250854765,43.891249625437666,6429.837919833338,3549.413904090133,85706.56561512212,0.0,0.0,0.0,0.0,0.0,0.0,0.0,0.0,0.0,0.0,0.0,0.0,0.0,0.0,0.0,0.0,10459.85572574632,1920.6144713155277,5.792094650331967,541.2624937075504,7.568459153863043,1098.1054830280052,607.1922226543968,14640.390950255995,10459.85572574632,1920.6144713155277,5.792094650331967,541.2624937075504,7.568459153863043,1098.1054830280052,607.1922226543968,14640.390950255995,0.0,0.0,0.0,0.0,0.0,0.0,0.0,0.0,0.0,0.0,0.0,0.0,0.0,0.0,7801.265756233288,3830.0118430423554,35864.8036312871,19031.806571437337,18002.717920321884,3436.2260484492726,6569.911375518026,2346.3941009058326,6411.792559194587,3711.509220165027,43343.47799141223,7715.5809348694675
2044,0.0,0.0,0.0,0.0,0.0,0.0,0.0,0.0,29764.695410471417,5166.052993560731,14.9980211159849,1533.567736801666,22.72447423582717,3119.663205272601,1786.8740004642273,41408.575841922444,29764.695410471417,5166.052993560731,14.9980211159849,1533.567736801666,22.72447423582717,3119.663205272601,1786.8740004642273,41408.575841922444,0.0,0.0,0.0,0.0,0.0,0.0,0.0,0.0,0.0,0.0,0.0,0.0,0.0,0.0,0.0,0.0,239606.39809132015,41590.112281119,120.74083490215152,12345.68690166947,182.87616813004834,25114.416559357232,14385.387175116448,333345.61801161454,239606.39809132015,41590.112281119,120.74083490215152,12345.68690166947,182.87616813004834,25114.416559357232,14385.387175116448,333345.61801161454,0.0,0.0,0.0,0.0,0.0,0.0,0.0,0.0,0.0,0.0,0.0,0.0,0.0,0.0,0.0,0.0,18919.037174378373,3280.209656979573,9.52837520921131,974.2275035954355,14.500751290082665,1981.867152035395,1134.6425447026163,26314.013158190686,18919.037174378373,3280.209656979573,9.52837520921131,974.2275035954355,14.500751290082665,1981.867152035395,1134.6425447026163,26314.013158190686,0.0,0.0,0.0,0.0,0.0,0.0,0.0,0.0,0.0,0.0,0.0,0.0,0.0,0.0,0.0,0.0,45323.48167771091,7867.556391575575,22.839651059645742,2335.3495477018632,34.58409055539571,4750.720088489775,2721.253055200813,63055.78450229398,45323.48167771091,7867.556391575575,22.839651059645742,2335.3495477018632,34.58409055539571,4750.720088489775,2721.253055200813,63055.78450229398,0.0,0.0,0.0,0.0,0.0,0.0,0.0,0.0,0.0,0.0,0.0,0.0,0.0,0.0,0.0,0.0,46490.90334106778,8067.2589540582785,23.425315928522135,2395.1896738600567,35.534336590579905,4872.300840941211,2790.499322394825,64675.11178484125,46490.90334106778,8067.2589540582785,23.425315928522135,2395.1896738600567,35.534336590579905,4872.300840941211,2790.499322394825,64675.11178484125,0.0,0.0,0.0,0.0,0.0,0.0,0.0,0.0,0.0,0.0,0.0,0.0,0.0,0.0,0.0,0.0,27825.700681220147,4825.5948565784165,14.013103137311159,1432.8977623353496,21.2929085502591,2915.013852327048,1669.0460435081418,38703.55920765667,27825.700681220147,4825.5948565784165,14.013103137311159,1432.8977623353496,21.2929085502591,2915.013852327048,1669.0460435081418,38703.55920765667,0.0,0.0,0.0,0.0,0.0,0.0,0.0,0.0,0.0,0.0,0.0,0.0,0.0,0.0,7224.046857290513,4407.23074198513,31420.314693442535,23476.2955092819,17537.812177729018,3901.1317910421385,5730.8305051436455,3185.474971280213,5553.425337649338,4569.876441710276,42533.270438121566,8525.788488160128
2045,0.0,0.0,0.0,0.0,0.0,0.0,0.0,0.0,573.1890736899838,95.51349403176239,0.2845495073049623,28.972403095248453,0.5071219001424494,58.90025684896036,33.175866400155634,790.5427654735581,573.1890736899838,95.51349403176239,0.2845495073049623,28.972403095248453,0.5071219001424494,58.90025684896036,33.175866400155634,790.5427654735581,0.0,0.0,0.0,0.0,0.0,0.0,0.0,0.0,0.0,0.0,0.0,0.0,0.0,0.0,0.0,0.0,3767.641954690407,628.0273897013931,1.8765414759874108,190.46871344199636,3.3352260385662977,387.43209444873054,218.15385013827768,5196.935769935359,3767.641954690407,628.0273897013931,1.8765414759874108,190.46871344199636,3.3352260385662977,387.43209444873054,218.15385013827768,5196.935769935359,0.0,0.0,0.0,0.0,0.0,0.0,0.0,0.0,0.0,0.0,0.0,0.0,0.0,0.0,0.0,0.0,1196.3633312347988,198.744592011893,0.5915146929593397,60.2496841760187,1.0606221619273264,122.67697886992347,68.92031706129993,1648.6070402088203,1196.3633312347988,198.744592011893,0.5915146929593397,60.2496841760187,1.0606221619273264,122.67697886992347,68.92031706129993,1648.6070402088203,0.0,0.0,0.0,0.0,0.0,0.0,0.0,0.0,0.0,0.0,0.0,0.0,0.0,0.0,0.0,0.0,590.6619227330652,98.45177529496306,0.29446485429743086,29.86401162308236,0.5223555537689454,60.72852432537493,34.20316613717941,814.7262205217314,590.6619227330652,98.45177529496306,0.29446485429743086,29.86401162308236,0.5223555537689454,60.72852432537493,34.20316613717941,814.7262205217314,0.0,0.0,0.0,0.0,0.0,0.0,0.0,0.0,0.0,0.0,0.0,0.0,0.0,0.0,0.0,0.0,1497.2867192159122,250.44002514410772,0.7467918777093787,75.98959465051146,1.3223813881585174,154.32662368489494,87.08168225458874,2067.1938182158833,1497.2867192159122,250.44002514410772,0.7467918777093787,75.98959465051146,1.3223813881585174,154.32662368489494,87.08168225458874,2067.1938182158833,0.0,0.0,0.0,0.0,0.0,0.0,0.0,0.0,0.0,0.0,0.0,0.0,0.0,0.0,0.0,0.0,1252.0991916960425,206.11972522906837,0.611627951436626,62.48215226338169,1.1109376498469328,127.38266336562852,71.26932505174875,1721.0756232071533,1252.0991916960425,206.11972522906837,0.611627951436626,62.48215226338169,1.1109376498469328,127.38266336562852,71.26932505174875,1721.0756232071533,0.0,0.0,0.0,0.0,0.0,0.0,0.0,0.0,0.0,0.0,0.0,0.0,0.0,0.0,7159.754607939769,4471.522991335874,31118.12798966672,23778.482213057716,17385.112243044317,4053.831725726839,5677.4193343848365,3238.886142039022,5485.421781451128,4637.879997908486,42192.01882525178,8867.040101029917
2046,0.0,0.0,0.0,0.0,0.0,0.0,0.0,0.0,18978.201680055765,3188.543877473618,9.431778495200033,968.6567620726952,16.663975418904013,1959.9698888215762,1110.0239383772685,26231.491900715027,18978.201680055765,3188.543877473618,9.431778495200033,968.6567620726952,16.663975418904013,1959.9698888215762,1110.0239383772685,26231.491900715027,0.0,0.0,0.0,0.0,0.0,0.0,0.0,0.0,0.0,0.0,0.0,0.0,0.0,0.0,0.0,0.0,120155.75478620993,20187.623700495475,59.72722351128251,6132.775930843848,105.50866034989376,12409.510816614842,7027.894139869808,166078.79525789508,120155.75478620993,20187.623700495475,59.72722351128251,6132.775930843848,105.50866034989376,12409.510816614842,7027.894139869808,166078.79525789508,0.0,0.0,0.0,0.0,0.0,0.0,0.0,0.0,0.0,0.0,0.0,0.0,0.0,0.0,0.0,0.0,37490.36386927949,6297.452580109929,18.627473620377263,1913.0437481153858,32.92374038676167,3871.2530578695596,2192.1000908400583,51815.76456022157,37490.36386927949,6297.452580109929,18.627473620377263,1913.0437481153858,32.92374038676167,3871.2530578695596,2192.1000908400583,51815.76456022157,0.0,0.0,0.0,0.0,0.0,0.0,0.0,0.0,0.0,0.0,0.0,0.0,0.0,0.0,0.0,0.0,18745.735892487755,3149.5014415591,9.318672109903803,956.7943361457844,16.459503705094047,1936.0110644999463,1096.4402818169679,25910.26119232455,18745.735892487755,3149.5014415591,9.318672109903803,956.7943361457844,16.459503705094047,1936.0110644999463,1096.4402818169679,25910.26119232455,0.0,0.0,0.0,0.0,0.0,0.0,0.0,0.0,0.0,0.0,0.0,0.0,0.0,0.0,0.0,0.0,51458.24508701078,8647.62243301415,25.5807688726443,2627.142322486132,45.177522021416586,5315.347298495898,3010.6865415960524,71129.80197349707,51458.24508701078,8647.62243301415,25.5807688726443,2627.142322486132,45.177522021416586,5315.347298495898,3010.6865415960524,71129.80197349707,0.0,0.0,0.0,0.0,0.0,0.0,0.0,0.0,0.0,0.0,0.0,0.0,0.0,0.0,0.0,0.0,36340.713459640305,6100.28632663435,18.0411387325796,1853.1237292422527,31.9174164730318,3750.4153372861797,2123.0256363829862,50217.523044391695,36340.713459640305,6100.28632663435,18.0411387325796,1853.1237292422527,31.9174164730318,3750.4153372861797,2123.0256363829862,50217.523044391695,0.0,0.0,0.0,0.0,0.0,0.0,0.0,0.0,0.0,0.0,0.0,0.0,0.0,0.0,6776.887042851219,4854.390556424424,28800.522903124456,26096.087299599978,16604.332458226927,4834.6115105442295,5309.6776588787625,3606.627817545096,4551.904118149427,5571.397661210187,41244.89865937929,9814.160266902407
2047,0.0,0.0,0.0,0.0,0.0,0.0,0.0,0.0,421.34504110448916,67.5667233848566,0.2078785492321156,20.347071281396644,0.3863064950225642,42.30616623303869,23.22744281377847,575.3866298618143,421.34504110448916,67.5667233848566,0.2078785492321156,20.347071281396644,0.3863064950225642,42.30616623303869,23.22744281377847,575.3866298618143,0.0,0.0,0.0,0.0,0.0,0.0,0.0,0.0,0.0,0.0,0.0,0.0,0.0,0.0,0.0,0.0,3159.6094656329897,511.05997944435353,1.5846220979900358,153.9876762080827,2.88531490980975,319.6515870643716,176.08031712591963,4324.858962483517,3159.6094656329897,511.05997944435353,1.5846220979900358,153.9876762080827,2.88531490980975,319.6515870643716,176.08031712591963,4324.858962483517,0.0,0.0,0.0,0.0,0.0,0.0,0.0,0.0,0.0,0.0,0.0,0.0,0.0,0.0,0.0,0.0,1071.8395583163453,171.26665645585445,0.5216594616789503,51.53509746809683,0.982665441366157,107.29100771953372,58.63479652262117,1462.0714413854967,1071.8395583163453,171.26665645585445,0.5216594616789503,51.53509746809683,0.982665441366157,107.29100771953372,58.63479652262117,1462.0714413854967,0.0,0.0,0.0,0.0,0.0,0.0,0.0,0.0,0.0,0.0,0.0,0.0,0.0,0.0,0.0,0.0,498.1332562215887,80.6079619751205,0.2507168893398001,24.31215142898257,0.45228342235862484,50.369503156489586,27.790868044559396,681.9167411384392,498.1332562215887,80.6079619751205,0.2507168893398001,24.31215142898257,0.45228342235862484,50.369503156489586,27.790868044559396,681.9167411384392,0.0,0.0,0.0,0.0,0.0,0.0,0.0,0.0,0.0,0.0,0.0,0.0,0.0,0.0,0.0,0.0,896.9165989738824,146.04186768198196,0.4554253498544218,43.995112607786744,0.8197812324621152,91.32608309113604,50.42947146479942,1229.9843404019032,896.9165989738824,146.04186768198196,0.4554253498544218,43.995112607786744,0.8197812324621152,91.32608309113604,50.42947146479942,1229.9843404019032,0.0,0.0,0.0,0.0,0.0,0.0,0.0,0.0,0.0,0.0,0.0,0.0,0.0,0.0,0.0,0.0,1396.7344562945539,218.41712759829,0.6545157654370962,65.82815522744905,1.272628860965534,136.89452107481787,74.24581437128616,1894.0472191927993,1396.7344562945539,218.41712759829,0.6545157654370962,65.82815522744905,1.272628860965534,136.89452107481787,74.24581437128616,1894.0472191927993,0.0,0.0,0.0,0.0,0.0,0.0,0.0,0.0,0.0,0.0,0.0,0.0,0.0,0.0,6718.427782550095,4912.849816725548,28527.447350046838,26369.162852677597,16460.35183427169,4978.592134499468,5260.869322158112,3655.436154265747,4501.583966327744,5621.71781303187,40910.11719456755,10148.941731714141
2048,0.0,0.0,0.0,0.0,0.0,0.0,0.0,0.0,15664.670385938021,2580.61971571096,8.164768529409502,778.5696802456855,14.160424136515042,1609.292701673154,895.7895987821354,21551.26727501588,15664.670385938021,2580.61971571096,8.164768529409502,778.5696802456855,14.160424136515042,1609.292701673154,895.7895987821354,21551.26727501588,0.0,0.0,0.0,0.0,0.0,0.0,0.0,0.0,0.0,0.0,0.0,0.0,0.0,0.0,0.0,0.0,132599.02523390396,21856.811340028184,69.18708517244019,6594.423991945815,119.82981057798247,13629.027538498327,7588.147632386029,182456.4526325127,132599.02523390396,21856.811340028184,69.18708517244019,6594.423991945815,119.82981057798247,13629.027538498327,7588.147632386029,182456.4526325127,0.0,0.0,0.0,0.0,0.0,0.0,0.0,0.0,0.0,0.0,0.0,0.0,0.0,0.0,0.0,0.0,38135.77831246149,6281.15884092431,19.862694502194486,1894.9437927515085,34.47419652235121,3917.092348137363,2179.8658577549622,52463.176043054176,38135.77831246149,6281.15884092431,19.862694502194486,1894.9437927515085,34.47419652235121,3917.092348137363,2179.8658577549622,52463.176043054176,0.0,0.0,0.0,0.0,0.0,0.0,0.0,0.0,0.0,0.0,0.0,0.0,0.0,0.0,0.0,0.0,22482.371430623072,3706.1778965299886,11.73399982857855,1118.2427010934286,20.311260214639375,2310.8998877490376,1286.7577455130825,30936.494921551828,22482.371430623072,3706.1778965299886,11.73399982857855,1118.2427010934286,20.311260214639375,2310.8998877490376,1286.7577455130825,30936.494921551828,0.0,0.0,0.0,0.0,0.0,0.0,0.0,0.0,0.0,0.0,0.0,0.0,0.0,0.0,0.0,0.0,39199.660567910076,6463.467834315358,20.465403194991964,1950.0825075358068,35.42536826250678,4030.3043177200225,2244.1912260447484,53943.5972249835,39199.660567910076,6463.467834315358,20.465403194991964,1950.0825075358068,35.42536826250678,4030.3043177200225,2244.1912260447484,53943.5972249835,0.0,0.0,0.0,0.0,0.0,0.0,0.0,0.0,0.0,0.0,0.0,0.0,0.0,0.0,0.0,0.0,44807.193897305464,7369.786356712007,23.281121349427114,2223.5352027156373,40.49323241207093,4596.190314168342,2556.5279436577903,61617.00806832074,44807.193897305464,7369.786356712007,23.281121349427114,2223.5352027156373,40.49323241207093,4596.190314168342,2556.5279436577903,61617.00806832074,0.0,0.0,0.0,0.0,0.0,0.0,0.0,0.0,0.0,0.0,0.0,0.0,0.0,0.0,6389.260414733284,5242.017184542359,25954.151098798666,28942.45910392577,15658.1418664263,5780.802102344856,4821.417858906443,4094.8876175174155,3770.3879093161945,6352.91387004342,39805.55290701874,11253.506019262953
2049,0.0,0.0,0.0,0.0,0.0,0.0,0.0,0.0,27705.13112016566,4401.581767231897,13.490691226374539,1317.3903247605147,27.070665803515475,2788.6570206810125,1516.8057418124808,37770.127331681455,27705.13112016566,4401.581767231897,13.490691226374539,1317.3903247605147,27.070665803515475,2788.6570206810125,1516.8057418124808,37770.127331681455,0.0,0.0,0.0,0.0,0.0,0.0,0.0,0.0,0.0,0.0,0.0,0.0,0.0,0.0,0.0,0.0,136683.38828511117,21714.997933845334,66.54797015321046,6499.305514031656,133.5509772658699,13757.850523993657,7482.496459561782,186338.1376639626,136683.38828511117,21714.997933845334,66.54797015321046,6499.305514031656,133.5509772658699,13757.850523993657,7482.496459561782,186338.1376639626,0.0,0.0,0.0,0.0,0.0,0.0,0.0,0.0,0.0,0.0,0.0,0.0,0.0,0.0,0.0,0.0,59666.81567940995,9476.761730813654,29.026746781246374,2836.3197348266967,58.28757947821622,6004.062972221984,3264.8231806794865,81336.09762421122,59666.81567940995,9476.761730813654,29.026746781246374,2836.3197348266967,58.28757947821622,6004.062972221984,3264.8231806794865,81336.09762421122,0.0,0.0,0.0,0.0,0.0,0.0,0.0,0.0,0.0,0.0,0.0,0.0,0.0,0.0,0.0,0.0,12044.051702964638,1911.5947728180665,5.853681313002274,572.1925038238603,11.761294489155517,1211.0955145098153,658.4513680711212,16415.000837989657,12044.051702964638,1911.5947728180665,5.853681313002274,572.1925038238603,11.761294489155517,1211.0955145098153,658.4513680711212,16415.000837989657,0.0,0.0,0.0,0.0,0.0,0.0,0.0,0.0,0.0,0.0,0.0,0.0,0.0,0.0,0.0,0.0,38204.877380230944,6072.251876304567,18.616018859425154,1817.3646167091808,37.33904519352401,3847.2429952689654,2092.679781843143,52090.37171440975,38204.877380230944,6072.251876304567,18.616018859425154,1817.3646167091808,37.33904519352401,3847.2429952689654,2092.679781843143,52090.37171440975,0.0,0.0,0.0,0.0,0.0,0.0,0.0,0.0,0.0,0.0,0.0,0.0,0.0,0.0,0.0,0.0,63509.937822670436,10070.184002558426,30.80081815148205,3014.3679045217004,61.98005503145043,6379.755027413529,3467.093084450051,86534.11871479708,63509.937822670436,10070.184002558426,30.80081815148205,3014.3679045217004,61.98005503145043,6379.755027413529,3467.093084450051,86534.11871479708,0.0,0.0,0.0,0.0,0.0,0.0,0.0,0.0,0.0,0.0,0.0,0.0,0.0,0.0,5839.040541832714,5792.23705744293,23281.351657558887,31615.258545165547,14458.866235738284,6980.077733032873,4566.863244702536,4349.442231721323,3049.4526749872252,7073.849104372388,38355.26337617283,12703.795550108865
2050,0.0,0.0,0.0,0.0,0.0,0.0,0.0,0.0,22137.500824295912,3388.7985843805163,8.553359910197525,997.865896526031,20.761249649335326,2142.2431233041766,1090.7650390650092,29786.48807713118,22137.500824295912,3388.7985843805163,8.553359910197525,997.865896526031,20.761249649335326,2142.2431233041766,1090.7650390650092,29786.48807713118,0.0,0.0,0.0,0.0,0.0,0.0,0.0,0.0,0.0,0.0,0.0,0.0,0.0,0.0,0.0,0.0,161310.92281946048,24707.280147349673,62.37898350877451,7274.931386828901,151.32775158383438,15619.46057518878,7953.004346711944,217079.3060106324,161310.92281946048,24707.280147349673,62.37898350877451,7274.931386828901,151.32775158383438,15619.46057518878,7953.004346711944,217079.3060106324,0.0,0.0,0.0,0.0,0.0,0.0,0.0,0.0,0.0,0.0,0.0,0.0,0.0,0.0,0.0,0.0,123916.60361308369,18984.910340992818,47.92774119700985,5589.569801444444,116.26118157748373,12001.923496596153,6111.140259260001,166768.33643415163,123916.60361308369,18984.910340992818,47.92774119700985,5589.569801444444,116.26118157748373,12001.923496596153,6111.140259260001,166768.33643415163,0.0,0.0,0.0,0.0,0.0,0.0,0.0,0.0,0.0,0.0,0.0,0.0,0.0,0.0,0.0,0.0,13973.4170622299,2137.6233345867763,5.397633217658302,629.5849786386486,13.10138884596427,1351.3416531814437,688.0283902280232,18798.494440928418,13973.4170622299,2137.6233345867763,5.397633217658302,629.5849786386486,13.10138884596427,1351.3416531814437,688.0283902280232,18798.494440928418,0.0,0.0,0.0,0.0,0.0,0.0,0.0,0.0,0.0,0.0,0.0,0.0,0.0,0.0,0.0,0.0,42775.80215395268,6555.191841850312,16.551157395321074,1929.9533844316481,40.13864437680294,4144.175202044006,2110.1280762881684,57571.94046033894,42775.80215395268,6555.191841850312,16.551157395321074,1929.9533844316481,40.13864437680294,4144.175202044006,2110.1280762881684,57571.94046033894,0.0,0.0,0.0,0.0,0.0,0.0,0.0,0.0,0.0,0.0,0.0,0.0,0.0,0.0,0.0,0.0,137613.11662608804,21059.92755160593,53.16698263196638,6201.945081653182,129.04594193560868,13313.410747299407,6778.554238389193,185149.16716960332,137613.11662608804,21059.92755160593,53.16698263196638,6201.945081653182,129.04594193560868,13313.410747299407,6778.554238389193,185149.16716960332,0.0,0.0,0.0,0.0,0.0,0.0,0.0,0.0,0.0,0.0,0.0,0.0,0.0,0.0,5392.167929155716,6239.109670119928,20169.64017451867,34726.97002820576,12094.212831065386,9344.73113770577,4278.164442831704,4638.141033592155,2247.7279155900223,7875.573863769591,35561.848928078616,15497.209998203078
