Year,Hallam 2022
2020,3.77
2021,6.2
2022,7
2023,7.5
2024,8.1
2025,9.1
2026,10.7181842
2027,11.84964576
2028,13.06201347
2029,14.92023091
2030,15.40461821
2031,15.4838625
2032,15.23939473
2033,14.8
2034,15
2035,15
2036,15.88034637
2037,16.76873961
2038,17.6
2039,18.74713548
2040,19.1
2041,19
2042,18.86416514
2043,18.70069098
2044,18.65
2045,19
2046,20.31382839
2047,21.6
2048,23.30420712
2049,24.3
2050,25.80923642
