Year,0
2014,5.376000000000001
2015,5.78816
2016,6.2003200000000005
2017,7.203840000000002
2018,7.454720000000001
2019,8.261120000000002
2020,8.225280000000001
2021,8.270080000000002
2022,8.314880000000002
2023,8.386560000000001
2024,8.458240000000002
2025,8.195413333333335
2026,7.9325866666666665
2027,7.669760000000002
2028,7.394986666666667
2029,7.120213333333334
2030,6.845440000000001
