year,Encapsulant_g_per_m2
2013,846.0
2014,848.09
2015,850.28
2016,852.81
2017,847.99
2018,848.9550000000002
2019,851.31
2020,849.4449999999999
2021,849.145
2022,839.244375
2023,829.2349999999999
2024,801.36775
2025,773.917
2026,752.614
2027,731.4683333333332
2028,710.48
2029,710.3586666666667
2030,710.2373333333334
2031,710.1160000000001
