Year,0
1995,67.599
1996,76.196
1997,110.704
1998,133.49599999999998
1999,179.335
2000,250.10999999999999
2001,259.01148
2002,324.80854
2003,502.19469999999995
2004,1031.9944999999998
2005,1404.35342
2006,1430.93427
2007,2145.0165899999997
2008,5183.8549696
2009,6580.720548
2010,14866.857324
2011,27763.0210304
2012,27043.878230399998
2013,33691.525361
2014,36876.1986516
2015,44956.896290799996
2016,68290.7818788
2017,91695.6585594
2018,92346.3777221
2019,97071.4457856
