,E_mfg_kWhpkg,E_mfg_fuelfraction
1995,12.015294858171428,0.7370391668657669
1996,12.015294858171428,0.7370391668657669
1997,12.015294858171428,0.7370391668657669
1998,12.015294858171428,0.7370391668657669
1999,12.015294858171428,0.7370391668657669
2000,12.015294858171428,0.7370391668657669
2001,12.015294858171428,0.7370391668657669
2002,12.015294858171428,0.7370391668657669
2003,12.015294858171428,0.7370391668657669
2004,12.015294858171428,0.7370391668657669
2005,12.015294858171428,0.7370391668657669
2006,12.015294858171428,0.7370391668657669
2007,12.015294858171428,0.7370391668657669
2008,12.015294858171428,0.7370391668657669
2009,12.015294858171428,0.7370391668657669
2010,12.015294858171428,0.7370391668657669
2011,12.015294858171428,0.7370391668657669
2012,12.015294858171428,0.7370391668657669
2013,12.015294858171428,0.7370391668657669
2014,12.015294858171428,0.7370391668657669
2015,12.015294858171428,0.7370391668657669
2016,12.015294858171428,0.7370391668657669
2017,12.015294858171428,0.7370391668657669
2018,12.015294858171428,0.7370391668657669
2019,12.015294858171428,0.7370391668657669
2020,12.015294858171428,0.7370391668657669
2021,12.015294858171428,0.7370391668657669
2022,12.015294858171428,0.7370391668657669
2023,12.015294858171428,0.7370391668657669
2024,12.015294858171428,0.7370391668657669
2025,12.015294858171428,0.7370391668657669
2026,12.015294858171428,0.7370391668657669
2027,12.015294858171428,0.7370391668657669
2028,12.015294858171428,0.7370391668657669
2029,12.015294858171428,0.7370391668657669
2030,12.015294858171428,0.7370391668657669
2031,12.015294858171428,0.7370391668657669
2032,12.015294858171428,0.7370391668657669
2033,12.015294858171428,0.7370391668657669
2034,12.015294858171428,0.7370391668657669
2035,12.015294858171428,0.7370391668657669
2036,12.015294858171428,0.7370391668657669
2037,12.015294858171428,0.7370391668657669
2038,12.015294858171428,0.7370391668657669
2039,12.015294858171428,0.7370391668657669
2040,12.015294858171428,0.7370391668657669
2041,12.015294858171428,0.7370391668657669
2042,12.015294858171428,0.7370391668657669
2043,12.015294858171428,0.7370391668657669
2044,12.015294858171428,0.7370391668657669
2045,12.015294858171428,0.7370391668657669
2046,12.015294858171428,0.7370391668657669
2047,12.015294858171428,0.7370391668657669
2048,12.015294858171428,0.7370391668657669
2049,12.015294858171428,0.7370391668657669
2050,12.015294858171428,0.7370391668657669
