Year,0
1995,12.5
1996,9.667666666666666
1997,11.621999999999998
1998,11.781
1999,16.884666666666668
2000,20.926666666666666
2001,27.985
2002,42.476
2003,59.745
2004,94.752
2005,88.66445999999999
2006,82.0722
2007,244.10485
2008,210.66864
2009,252.73445
2010,290.9808252
2011,1452.481713
2012,2533.7810197
2013,3003.4084203999996
2014,1871.9131254000001
2015,6080.7704693999995
2016,11626.661928
2017,8437.424028
2018,7762.072625999999
