Year,0
1995,12.5
1996,9.667666666666666
1997,11.621999999999998
1998,11.781
1999,16.884666666666668
2000,20.926666666666666
2001,27.985
2002,42.476
2003,59.745
2004,94.752
2005,96.408474109
2006,97.86096663000001
2007,322.48479862749997
2008,312.318223256
2009,427.35069046750004
2010,822.9912460106228
2011,2139.9920392982185
2012,3444.5790712576354
2013,4395.160624828058
2014,3359.8985824248593
2015,7175.38416799329
2016,12757.064285506469
2017,10280.616152696111
2018,9308.764457020427
2019,10612.961916515318
2020,15667.38002872908
2021,18315.535435784554
2022,16704.29676072743
