,,year,Residential,Commercial,Utility,All Sector All Tech Installs_[MWdc],Residential c-Si,Commercial c-Si,Utility c-Si,All Sector c-Si Installs_[MWdc]
yearly,1.6m$^2$,2030,807743.0018654503,1070460.8481280687,824497.1629366741,2702701.0129301935,807743.0018654503,1070274.9291716977,514288.02979641163,2392305.9608335597
yearly,1.6m$^2$,2050,2007853.1877071206,1425700.44001661,7465217.897879647,10898771.525603378,2007853.1877071206,1423815.7088438985,5096199.568522239,8527868.465073258
yearly,2m$^2$,2030,646194.4014923603,856368.678502455,659597.7303493393,2162160.810344155,646194.4014923603,856219.9433373582,411430.4238371293,1913844.7686668478
yearly,2m$^2$,2050,1606282.5501656965,1140560.352013288,5972174.318303718,8719017.220482703,1606282.5501656965,1139052.567075119,4076959.6548177917,6822294.772058607
cumulative,1.6m$^2$,2030,2628649.5170457484,4118907.964357521,2355790.7331123403,9103348.21451561,2628649.5170457484,4118475.6082648984,1507143.5180280863,8254268.643338732
cumulative,1.6m$^2$,2050,60224458.41498477,55592993.60548873,179692397.01231107,295509849.0327846,60224458.41498477,55423236.46040622,125027012.69972661,240674707.57511756
cumulative,2m$^2$,2030,2102919.613636599,3295126.371486017,1884632.5864898725,7282678.5716124885,2102919.613636599,3294780.486611919,1205714.8144224691,6603414.914670986
cumulative,2m$^2$,2050,48179566.73198782,44474394.88439099,143753917.60984886,236407879.2262277,48179566.73198782,44338589.16832498,100021610.15978129,192539766.06009406
