year,WasteAll_Module_sim1_Residential c-Si_[Tonnes],WasteAll_Module_sim1_Commercial c-Si_[Tonnes],WasteAll_Module_sim1_Utility c-Si_[Tonnes],WasteAll_Module_sim1_All Sector c-Si Installs_[MWdc]_[Tonnes]
2030,0.04937187225220179,0.07713818359171122,0.028192574178812334,0.1547026300227253
2050,1.0980552487410882,1.0256452290839422,2.2360438517331147,4.359744329558144
