,year,Residential,Commercial,Utility,All Sector All Tech Installs_[MWdc],Residential c-Si,Commercial c-Si,Utility c-Si,All Sector c-Si Installs_[MWdc]
yearly,2030,1292388.8029847206,1712737.35700491,1319195.4606986786,4324321.62068831,1292388.8029847206,1712439.8866747164,822860.8476742586,3827689.5373336957
yearly,2050,3212565.100331393,2281120.704026576,11944348.636607436,17438034.440965407,3212565.100331393,2278105.134150238,8153919.309635583,13644589.544117214
cumulative,2030,4205839.227273198,6590252.742972034,3769265.172979745,14565357.143224977,4205839.227273198,6589560.973223838,2411429.6288449382,13206829.829341972
cumulative,2050,96359133.46397564,88948789.76878197,287507835.2196977,472815758.4524554,96359133.46397564,88677178.33664995,200043220.31956258,385079532.1201881
