Year,Si_g
1995,
1996,
1997,
1998,
1999,
2000,
2001,
2002,
2003,
2004,
2005,
2006,
2007,
2008,
2009,
2010,419.22
2011,419.22
2012,419.22
2013,419.22
2014,419.22
2015,419.22
2016,419.21999999999997
2017,419.22
2018,410.85500825570006
2019,402.14066674429995
2020,380.0539832557001
2021,367.38034162785
2022,354.7067
2023,348.49603337215007
2024,342.28536674429995
2025,336.0112994962001
2026,329.73723224810004
2027,323.463165
2028,320.40829333333335
2029,317.3534216666667
2030,314.29855
